sku;ean;designation;langue;extension;format;contenu;scelle;prix;devise;base_prix;taux_tva;unite_prix;unites_par_colis;colisage;moq;disponibilite;stock;allocation;palier1_qte;palier1_prix;palier2_qte;palier2_remise;date_sortie;pays_expedition;date_maj;fictif
FICTIF-A-001;2000000001012;Display 36 boosters Extension Fictive Alpha;Français;Fictive Alpha;Display;36 boosters;oui;95,00;EUR;HT;0;unité;;6;6;en stock;24;;12;92,00;24;5 %;17.07.2026;FR;2026-10-04T06:00:00+02:00;true
FICTIF-A-002;2000000001029;Coffret Dresseur d'Élite Fictive Alpha;Français;Fictive Alpha;ETB;9 boosters + accessoires;oui;38,50;EUR;HT;0;unité;;10;10;en stock;40;;;;;;;FR;2026-10-04T06:00:00+02:00;true
FICTIF-A-003;2000000001036;Bundle 6 boosters Fictive Alpha;Français;Fictive Alpha;Bundle;6 boosters;oui;21,00;EUR;HT;0;unité;;12;12;en stock;36;;;;;;;FR;2026-10-04T06:00:00+02:00;true
FICTIF-A-004;2000000001043;Tripack Fictive Alpha;Français;Fictive Alpha;Tripack;3 boosters + carte promo;oui;17,50;EUR;HT;0;unité;;24;24;en stock;48;;;;;;;FR;2026-10-04T06:00:00+02:00;true
FICTIF-A-005;2000000001050;Coffret collection Fictive Bêta;Français;Fictive Bêta;Coffret;4 boosters + promo;oui;18,90;EUR;HT;0;unité;;6;6;en stock;18;;;;;;;FR;2026-10-04T06:00:00+02:00;true
FICTIF-A-006;2000000001067;Display 36 boosters Fictive Bêta;Français;Fictive Bêta;Display;36 boosters;oui;980,00;EUR;HT;0;unité;;6;6;en stock;12;;;;;;;FR;2026-10-04T06:00:00+02:00;true
FICTIF-A-007;2000000001074;ETB Fictive Bêta;Français;Fictive Bêta;ETB;9 boosters;oui;3,90;EUR;HT;0;unité;;10;10;en stock;20;;;;;;;FR;2026-10-04T06:00:00+02:00;true
FICTIF-A-008;2000000001081;Protège-cartes standard x65;n/a;;Protège-cartes;65 protège-cartes;oui;4,20;EUR;HT;0;unité;;20;20;en stock;200;;;;;;;FR;2026-10-04T06:00:00+02:00;true
FICTIF-A-009;2000000001098;Classeur 9 cases;n/a;;Classeur;1 classeur 360 cartes;oui;9,80;EUR;HT;0;unité;;10;10;en stock;30;;;;;;;FR;2026-10-04T06:00:00+02:00;true
FICTIF-A-010;2000000001104;Coffret Dresseur d'Élite Fictive Alpha;Français;Fictive Alpha;ETB;9 boosters + accessoires;oui;38,50;XYZ;HT;0;unité;;10;10;en stock;40;;;;;;;FR;2026-10-04T06:00:00+02:00;true
FICTIF-A-011;2000000001111;Coffret Dresseur d'Élite Fictive Alpha;Français;Fictive Alpha;ETB;9 boosters + accessoires;oui;38,50;;HT;0;unité;;10;10;en stock;40;;;;;;;FR;2026-10-04T06:00:00+02:00;true
FICTIF-A-012;2000000001128;Coffret Dresseur d'Élite Fictive Alpha;Français;Fictive Alpha;ETB;9 boosters + accessoires;oui;38,50;EUR;;0;unité;;10;10;en stock;40;;;;;;;FR;2026-10-04T06:00:00+02:00;true
FICTIF-A-013;2000000001135;Coffret Dresseur d'Élite Fictive Alpha;Français;Fictive Alpha;ETB;9 boosters + accessoires;oui;38,50;EUR;net;0;unité;;10;10;en stock;40;;;;;;;FR;2026-10-04T06:00:00+02:00;true
FICTIF-A-014;2000000001142;Bundle 6 boosters Fictive Alpha;Français;Fictive Alpha;Bundle;6 boosters;oui;0;EUR;HT;0;unité;;12;12;en stock;36;;;;;;;FR;2026-10-04T06:00:00+02:00;true
FICTIF-A-015;2000000001159;Bundle 6 boosters Fictive Alpha;Français;Fictive Alpha;Bundle;6 boosters;oui;-5,00;EUR;HT;0;unité;;12;12;en stock;36;;;;;;;FR;2026-10-04T06:00:00+02:00;true
FICTIF-A-016;2000000001166;Bundle 6 boosters Fictive Bêta;Français;Fictive Bêta;Bundle;6 boosters;oui;21,50;EUR;HT;0;unité;;12;12;en stock;24;;;;;;;FR;2026-10-04T06:00:00+02:00;true
FICTIF-A-016;2000000001166;Bundle 6 boosters Fictive Bêta;Français;Fictive Bêta;Bundle;6 boosters;oui;19,90;EUR;HT;0;unité;;12;12;en stock;24;;;;;;;FR;2026-10-04T06:00:00+02:00;true
FICTIF-A-017;2000000001174;Coffret collection Fictive Bêta;Français;Fictive Bêta;Coffret;4 boosters + promo;oui;18,90;EUR;HT;0;unité;;6;6;en stock;18;;;;;;;FR;2026-10-04T06:00:00+02:00;true
FICTIF-A-018;2000000001180;Coffret collection Fictive Bêta;VO;Fictive Bêta;Coffret;4 boosters + promo;oui;18,90;EUR;HT;0;unité;;6;6;en stock;18;;;;;;;FR;2026-10-04T06:00:00+02:00;true
FICTIF-A-019;2000000001197;Coffret collection Fictive Bêta;FR/EN;Fictive Bêta;Coffret;4 boosters + promo;oui;18,90;EUR;HT;0;unité;;6;6;en stock;18;;;;;;;FR;2026-10-04T06:00:00+02:00;true
FICTIF-A-020;2000000001203;Bundle 6 boosters Fictive Alpha;Français;Fictive Alpha;Bundle;6 boosters;oui;21,00;EUR;HT;0;palette;;12;12;en stock;36;;;;;;;FR;2026-10-04T06:00:00+02:00;true
FICTIF-A-021;2000000001210;Bundle 6 boosters Fictive Alpha;Français;Fictive Alpha;Bundle;6 boosters;oui;21,00;EUR;HT;0;carton;;;12;en stock;36;;;;;;;FR;2026-10-04T06:00:00+02:00;true
FICTIF-A-022;2000000001227;Display 36 boosters Extension Fictive Alpha;Français;Fictive Alpha;Display;36 boosters;oui;95,00;EUR;HT;0;unité;;6;6;en stock;24;;12;120,00;24;5 %;17.07.2026;FR;2026-10-04T06:00:00+02:00;true
FICTIF-A-023;2000000001234;Bundle 6 boosters Fictive Alpha;Français;Fictive Alpha;Bundle;6 boosters;oui;12.50;EUR;HT;0;unité;;12;12;en stock;36;;;;;;;FR;2026-10-04T06:00:00+02:00;true
FICTIF-A-024;2000000001241;Bundle 6 boosters Fictive Alpha;Français;Fictive Alpha;Bundle;6 boosters;oui;21,00;EUR;HT;0;unité;;12;12;en stock;36;;;;;;;FR;2026-10-02T06:00:00+02:00;true
FICTIF-A-025;;Booster Fictive Gamma;Français;Fictive Gamma;Booster;1 booster;oui;3,80;EUR;HT;0;unité;;36;36;en stock;360;;;;;;;FR;2026-10-04T06:00:00+02:00;true
FICTIF-A-026;2000000001265;Booster Fictive Alpha;Français;Fictive Alpha;Booster;1 booster;oui;3,90;CHF;HT;0;unité;;36;36;en stock;720;;;;;;;FR;2026-10-04T06:00:00+02:00;true
FICTIF-A-027;2000000001012;Carton 6 displays Fictive Alpha;Français;Fictive Alpha;Display;36 boosters;oui;570,00;EUR;HT;0;carton;6;;;en stock;4;;;;;;;FR;2026-10-04T06:00:00+02:00;true
FICTIF-A-028;2000000001289;Display 36 boosters Fictive Gamma;Français;Fictive Gamma;Display;36 boosters;oui;97,00;EUR;HT;0;unité;;6;6;sur allocation;;12;;;;;06.11.2026;FR;2026-10-04T06:00:00+02:00;true
;2000000001296;Display 36 boosters Extension Fictive Alpha;Français;Fictive Alpha;Display;36 boosters;oui;95,00;EUR;HT;0;unité;;6;6;en stock;24;;12;92,00;24;5 %;17.07.2026;FR;2026-10-04T06:00:00+02:00;true
FICTIF-A-004;2000000001043;Tripack Fictive Alpha;Français;Fictive Alpha;Tripack;3 boosters + carte promo;oui;17,50;EUR;HT;0;unité;;24;24;en stock;48;;;;;;;FR;2026-10-04T06:00:00+02:00;true
FICTIF-A-030;2000000001302;Blister Fictive Alpha;Français;Fictive Alpha;Blister;1 booster + carte promo;oui;3,90;EUR;HT;0;unité;;36;36;en stock;720;;;;;;;FR;2026-10-04T06:00:00+02:00;true
FICTIF-A-031;2000000001319;ETB Extension Inconnue;Français;Extension Inconnue;ETB;9 boosters + accessoires;oui;38,50;EUR;HT;0;unité;;10;10;en stock;40;;;;;;;FR;2026-10-04T06:00:00+02:00;true
FICTIF-A-032;2000000001326;Coffret Dresseur d'Élite Fictive Alpha;Français;Fictive Alpha;ETB;9 boosters + accessoires;oui;38,50;EUR;HT;0;unité;;10;10;en stock;40;;;;;;;FR;2026-10-04T06:00:00+02:00;false
FICTIF-A-033;2000000001333;ETB Fictive Alpha édition 11 boosters;Français;Fictive Alpha;ETB;11 boosters;oui;49,00;EUR;HT;0;unité;;10;10;en stock;10;;;;;;;FR;2026-10-04T06:00:00+02:00;true
FICTIF-A-034;2000000001340;Display 36 boosters Fictive Gamma (lot B);Français;Fictive Gamma;Display;36 boosters;oui;99,00;EUR;TTC;0;unité;;6;6;en stock;6;;;;;;;FR;2026-10-04T06:00:00+02:00;true
FICTIF-A-035;2000000001357;Bundle 6 boosters Fictive Alpha;Français;Fictive Alpha;Bundle;6 boosters;oui;21,00;EUR;HT;0;unité;6;12;12;en stock;36;;;;;;;FR;2026-10-04T06:00:00+02:00;true
FICTIF-A-036;2000000001364;Bundle 6 boosters Fictive Alpha;Français;Fictive Alpha;Bundle;6 boosters;oui;21,00;EUR;HT;0;unité;;12;0;en stock;36;;;;;;;FR;2026-10-04T06:00:00+02:00;true
FICTIF-A-037;2000000001371;Bundle 6 boosters Fictive Alpha;Français;Fictive Alpha;Bundle;6 boosters;oui;21,00;EUR;HT;0;unité;;12;six;en stock;36;;;;;;;FR;2026-10-04T06:00:00+02:00;true
FICTIF-A-038;2000000001388;Display 30 boosters Fictive Alpha (JP);Japonais;Fictive Alpha;Display;30 boosters;oui;72,00;EUR;HT;0;unité;;12;12;en stock;12;;;;;;;FR;2026-10-04T06:00:00+02:00;true
FICTIF-A-039;2000000001395;Bundle 6 boosters Fictive Alpha;Français;Fictive Alpha;Bundle;6 boosters;non;21,00;EUR;HT;0;unité;;12;12;en stock;36;;;;;;;FR;2026-10-04T06:00:00+02:00;true
FICTIF-A-040;2000000001401;ETB Fictive Gamma;Français;Fictive Gamma;ETB;9 boosters;oui;38,90;EUR;HT;0;unité;;10;10;en stock;15;;;;;;;FR;2026-10-04T06:00:00+02:00;true
FICTIF-A-041;2000000001418;Bundle Fictive Gamma;Français;Fictive Gamma;Bundle;6 boosters;oui;21,20;EUR;HT;0;unité;;12;12;en stock;12;;;;;;;FR;2026-10-04T06:00:00+02:00;true
FICTIF-A-042;2000000001425;Coffret Fictive Gamma;Français;Fictive Gamma;Coffret;4 boosters;oui;19,40;EUR;HT;0;unité;;6;6;en stock;6;;;;;;;FR;2026-10-04T06:00:00+02:00;true
FICTIF-A-043;2000000001432;Tripack Fictive Gamma;Français;Fictive Gamma;Tripack;3 boosters;oui;11,30;EUR;HT;0;unité;;24;24;en stock;24;;;;;;;FR;2026-10-04T06:00:00+02:00;true
