Nom,Date,Jour,J,Semaine,Phase BP §9,Type,Canal,Format,Pilier,Sujet,Accroche,CTA,Visuels réels nécessaires,Condition de publication,Responsable,Statut,Notes
Préparer les premiers carrousels avec les gabarits DA,2026-10-09,vendredi,J5,S1,"J1-15 Étude, entretiens, dossier B2B, landing et inscriptions",Production,Interne,—,—,"S01, S09",—,—,"Gabarits DA (docs/05-da/social/), aucun emballage réel ni généré",DA proposée disponible (docs/05-da),A-09,À préparer,"Aucune publication avant les comptes (B08, J8)"
Créer les comptes Instagram et TikTok de la boutique,2026-10-12,lundi,J8,S2,"J1-15 Étude, entretiens, dossier B2B, landing et inscriptions",Production,Interne,—,—,—,—,—,—,Nom validé (C06),H (B08),À préparer,Acte de la propriétaire ; accès rangés dans le coffre
Présentation : nos trois règles,2026-10-14,mercredi,J10,S2,"J1-15 Étude, entretiens, dossier B2B, landing et inscriptions",Publication,Instagram + TikTok,Carrousel 4:5,Preuve de service,S09,"On prépare une boutique de cartes Pokémon en français, à Genève. Voici nos trois règles.",Recevoir l'alerte d'ouverture (lien en bio),"Gabarits DA (docs/05-da/social/), aucun emballage réel ni généré",Landing publiée (GO C07) ; nom validé (C06),A-09,À préparer,UTM : utm_source=instagram / tiktok
Activer la confirmation d'inscription et l'email de bienvenue,2026-10-14,mercredi,J10,S2,"J1-15 Étude, entretiens, dossier B2B, landing et inscriptions",Email,Email automatique,Emails 01 et 02,—,—,—,—,—,Workflow n8n testé de bout en bout (site/landing/README.md §4),"A-07, A-12",À préparer,Double opt-in : rien n'est envoyé avant le clic
ETB ou display : lequel choisir ?,2026-10-16,vendredi,J12,S2,"J1-15 Étude, entretiens, dossier B2B, landing et inscriptions",Publication,Instagram + TikTok,Carrousel 4:5,Guide,S01,ETB ou display ? La différence en 6 images.,Recevoir l'alerte d'ouverture,"Gabarits DA (docs/05-da/social/), aucun emballage réel ni généré ; schémas sans emballage",Aucune donnée de stock ni de prix ; faits sourcés (15_SUJETS.md) ; ton validé,A-09,À préparer,
"Stock local, précommande, rupture : ce que ça veut dire",2026-10-19,lundi,J15,S3,"J1-15 Étude, entretiens, dossier B2B, landing et inscriptions",Publication,Instagram + TikTok,Carrousel 4:5,Guide,S09,"Trois mots, trois promesses.",Recevoir l'alerte d'ouverture,"Gabarits DA (docs/05-da/social/), aucun emballage réel ni généré ; badges DA",Aucune donnée de stock ni de prix ; faits sourcés (15_SUJETS.md) ; ton validé,A-09,À préparer,
Comment marcheront nos précommandes,2026-10-21,mercredi,J17,S3,"J16-30 Identité, site test, contenus éducatifs",Publication,Instagram + TikTok,Carrousel 4:5,Preuve de service,S07,Pourquoi nous n'ouvrirons pas de précommande sur chaque sortie.,Lire nos conditions (page Précommandes),"Gabarits DA (docs/05-da/social/), aucun emballage réel ni généré",Aucune donnée de stock ni de prix ; faits sourcés (15_SUJETS.md) ; ton validé ; texte PRECOMMANDES validé par le juriste,A-09,À préparer,
Récapitulatif n° 1 : où en est l'ouverture,2026-10-22,jeudi,J18,S3,"J16-30 Identité, site test, contenus éducatifs",Email,Email aux inscrits,Email 05 (avant ouverture),Guide,"S09, S07","Où en est l'ouverture, et comment liront nos fiches.",Lire le guide,—,Inscrits confirmés ayant choisi le récapitulatif uniquement ; annulé s'il n'y a rien d'utile (BP §9 : 1 récapitulatif pertinent au maximum par semaine),A-09,À préparer,Aucune date d'ouverture ferme (protocole landing §2)
Premier achat de cartes Pokémon : par où commencer ?,2026-10-23,vendredi,J19,S3,"J16-30 Identité, site test, contenus éducatifs",Publication,Instagram + TikTok + site,Article SEO + carrousel 4:5,Guide,S02,Premier achat de cartes Pokémon : par où commencer ?,Lire le guide complet,"Gabarits DA (docs/05-da/social/), aucun emballage réel ni généré",Aucune donnée de stock ni de prix ; faits sourcés (15_SUJETS.md) ; ton validé,"A-08, A-09",À préparer,
Carte rare garantie ? Non.,2026-10-26,lundi,J22,S4,"J16-30 Identité, site test, contenus éducatifs",Publication,Instagram + TikTok,Reel 25 s (texte seul),Guide,S11,Peut-on vous garantir une carte rare ? Non. Voici pourquoi.,Lire notre FAQ,"Gabarits DA (docs/05-da/social/), aucun emballage réel ni généré (version texte du script V8)",Aucune donnée de stock ni de prix ; faits sourcés (15_SUJETS.md) ; ton validé,A-09,À préparer,
"C'est quoi, une extension ?",2026-10-28,mercredi,J24,S4,"J16-30 Identité, site test, contenus éducatifs",Publication,Instagram + TikTok + site,Article SEO + carrousel 4:5,Guide,S03,"Méga-Évolution, 30ᵉ Anniversaire… c'est quoi, une extension ?",Recevoir les alertes,"Gabarits DA (docs/05-da/social/), aucun emballage réel ni généré",Aucune donnée de stock ni de prix ; faits sourcés (15_SUJETS.md) ; ton validé ; dates de sortie reconfirmées sur la source officielle,"A-08, A-09",À préparer,Ne jamais présenter une date de sortie comme une date d'arrivée chez nous
Récapitulatif n° 2,2026-10-29,jeudi,J25,S4,"J16-30 Identité, site test, contenus éducatifs",Email,Email aux inscrits,Email 05 (avant ouverture),Guide,"S02, S11",Premier achat : par où commencer.,Lire le guide,—,Inscrits confirmés ayant choisi le récapitulatif uniquement ; annulé s'il n'y a rien d'utile (BP §9 : 1 récapitulatif pertinent au maximum par semaine),A-09,À préparer,
"Sortie, avant-première, réassort : le vocabulaire",2026-10-30,vendredi,J26,S4,"J16-30 Identité, site test, contenus éducatifs",Publication,Instagram + TikTok,Carrousel 4:5,Guide,S14,"Sortie, avant-première, réassort : qui fait quoi ?",Recevoir les alertes,"Gabarits DA (docs/05-da/social/), aucun emballage réel ni généré",Aucune donnée de stock ni de prix ; faits sourcés (15_SUJETS.md) ; ton validé ; aucune promesse sur la sortie du 6.11,A-09,À préparer,Avant-premières du 24.10 dans des boutiques participantes : pas chez nous
Offrir des cartes Pokémon : 3 questions,2026-11-02,lundi,J29,S5,"J16-30 Identité, site test, contenus éducatifs",Publication,Instagram + TikTok,Carrousel 4:5,Guide,S04,Offrir des cartes Pokémon sans se tromper : 3 questions.,Recevoir l'alerte d'ouverture,"Gabarits DA (docs/05-da/social/), aucun emballage réel ni généré",Aucune donnée de stock ni de prix ; faits sourcés (15_SUJETS.md) ; ton validé,A-09,À préparer,
Coulisses : on prépare l'ouverture,2026-11-04,mercredi,J31,S5,"J31-45 Réception, photos, ouverture douce, 3 contenus/semaine",Publication,Instagram + TikTok,Carrousel 4:5 (photos),Preuve de service,S13,"Étagères, cartons, contrôles : on se prépare.",Recevoir l'alerte d'ouverture,Photos réelles du lieu de stockage et des emballages (sans adresse),Lieu de stockage aménagé (A05) ; aucun produit présenté comme en stock,"A-09, H (photos)",À préparer,
Récapitulatif n° 3,2026-11-05,jeudi,J32,S5,"J31-45 Réception, photos, ouverture douce, 3 contenus/semaine",Email,Email aux inscrits,Email 05 (avant ouverture),Guide,S14,"Sortie, avant-première, réassort : le vocabulaire.",Lire le guide,—,Inscrits confirmés ayant choisi le récapitulatif uniquement ; annulé s'il n'y a rien d'utile (BP §9 : 1 récapitulatif pertinent au maximum par semaine),A-09,À préparer,Pas d'annonce d'ouverture avant réception et contrôle du stock
Commande passée : et maintenant ?,2026-11-06,vendredi,J33,S5,"J31-45 Réception, photos, ouverture douce, 3 contenus/semaine",Publication,Instagram + TikTok,Carrousel 4:5,Preuve de service,S15,"Délais, suivi, colis abîmé : tout ce qui se passe après la commande.",Lire Livraison et retours,"Gabarits DA (docs/05-da/social/), aucun emballage réel ni généré","Champs DELAI_EXPEDITION, SEUIL_COLIS_BLOQUE et DELAI_SIGNALEMENT validés (registre légal)",A-09,À préparer,
Réception du stock et tournage du script V3,2026-11-08,dimanche,J35,S5,"J31-45 Réception, photos, ouverture douce, 3 contenus/semaine",Production,Interne,Reel V3 (rushes),—,S13,—,—,"Réception réelle filmée (SOP réception C1-C9), sans document d'achat",Livraison reçue,"H (A03, A04)",À préparer,
Réception : ce que nous contrôlons,2026-11-09,lundi,J36,S6,"J31-45 Réception, photos, ouverture douce, 3 contenus/semaine",Publication,Instagram + TikTok,Reel 35 s (V3),Preuve de service,S13,"Avant d'être en vente, chaque boîte passe ce contrôle.",Recevoir l'alerte d'ouverture,Rushes V3 du J35,Stock réceptionné et contrôlé ; aucun prix ; aucune promesse de date d'ouverture,A-09,À préparer,
"Session photos et vidéos (V1, V2, V5, V6, V7, V8 + photos des fiches)",2026-11-10,mardi,J37,S6,"J31-45 Réception, photos, ouverture douce, 3 contenus/semaine",Production,Interne,Session A06,—,"S01, S05, S06, S04, S09, S11",—,—,Tous les produits reçus ; décor table (SCRIPTS_VIDEO.md §1),Stock reçu (J35),H (A06),À préparer,≈ 2 à 3 h
Ouverture : ce qui est en stock local,2026-11-11,mercredi,J38,S6,"J31-45 Réception, photos, ouverture douce, 3 contenus/semaine",Publication,Instagram + TikTok,Carrousel 4:5 (photos),Nouveauté accessible,—,C'est ouvert. Voici ce qui est réellement en stock à Genève.,Voir le stock local,"Photo réelle du produit en stock (session A06), sans prix incrusté",GO ouverture douce (C14) ; Stock local > 0 sur la fiche publiée ; prix et stock relus sur la page publique moins d'1 h avant (hypothèse) ; aucun stop-loss produit ou pub actif sur la référence,A-09,À préparer,
Ouverture douce : la boutique est ouverte,2026-11-11,mercredi,J38,S6,"J31-45 Réception, photos, ouverture douce, 3 contenus/semaine",Email,Email aux inscrits,Email 03,Nouveauté accessible,—,C'est ouvert : voici ce qui est en stock local.,Voir le stock local,"Photo réelle du produit en stock (session A06), sans prix incrusté",GO ouverture douce (C14) ; fiches publiées ; Stock local > 0 sur la fiche publiée ; prix et stock relus sur la page publique moins d'1 h avant (hypothèse) ; aucun stop-loss produit ou pub actif sur la référence,A-09 (BL-118),À préparer,Envoyé aux seuls inscrits confirmés
ETB ou display ? (vidéo),2026-11-13,vendredi,J40,S6,"J31-45 Réception, photos, ouverture douce, 3 contenus/semaine",Publication,Instagram + TikTok,Reel 30 s (V1),Guide,S01,ETB ou display : la différence en 30 secondes.,Voir les displays et ETB en stock,Rushes V1,Aucune donnée de stock ni de prix ; faits sourcés (15_SUJETS.md) ; ton validé,A-09,À préparer,
"FR, EN ou JP : repérer la langue",2026-11-16,lundi,J43,S7,"J31-45 Réception, photos, ouverture douce, 3 contenus/semaine",Publication,Instagram + TikTok,Reel 25 s (V2),Guide,S06,"FR, EN ou JP ? Comment repérer la langue d'une boîte.",Voir le stock local,Rushes V2,Aucune donnée de stock ni de prix ; faits sourcés (15_SUJETS.md) ; ton validé,A-09,À préparer,
Dossier G4 et plan du test publicitaire,2026-11-16,lundi,J43,S7,"J31-45 Réception, photos, ouverture douce, 3 contenus/semaine",Production,Interne,—,—,—,—,—,—,Premières commandes livrées,"A-01, A-10",À préparer,PUBLICITE_TEST.md
Nouveauté accessible de la semaine,2026-11-18,mercredi,J45,S7,"J31-45 Réception, photos, ouverture douce, 3 contenus/semaine",Publication,Instagram + TikTok,Carrousel 4:5 (photos),Nouveauté accessible,—,"[Format] [extension] en français : en stock local, expédié sous [délai].",Voir la fiche,"Photo réelle du produit en stock (session A06), sans prix incrusté",Stock local > 0 sur la fiche publiée ; prix et stock relus sur la page publique moins d'1 h avant (hypothèse) ; aucun stop-loss produit ou pub actif sur la référence,A-09,À préparer,
Récapitulatif hebdomadaire,2026-11-19,jeudi,J46,S7,"J46-60 Test pub ≤ 500 CHF, collaboration locale, emails réassort",Email,Email aux inscrits,Email 05,Nouveauté accessible,S06,"Ce qui est en stock cette semaine, et un guide.",Voir le stock local,"Photo réelle du produit en stock (session A06), sans prix incrusté",Inscrits confirmés ayant choisi le récapitulatif uniquement ; annulé s'il n'y a rien d'utile (BP §9 : 1 récapitulatif pertinent au maximum par semaine) ; Stock local > 0 sur la fiche publiée ; prix et stock relus sur la page publique moins d'1 h avant (hypothèse) ; aucun stop-loss produit ou pub actif sur la référence,A-09,À préparer,
Coulisses d'expédition,2026-11-20,vendredi,J47,S7,"J46-60 Test pub ≤ 500 CHF, collaboration locale, emails réassort",Publication,Instagram + TikTok,Reel 40 s (V4),Preuve de service,S08,Ce qui arrive à votre commande entre le clic et le dépôt du colis.,Voir le stock local,Rushes V4 (aucune étiquette lisible),Premières commandes préparées ; aucune donnée client visible,A-09,À préparer,
Que contient vraiment la boîte ?,2026-11-23,lundi,J50,S8,"J46-60 Test pub ≤ 500 CHF, collaboration locale, emails réassort",Publication,Instagram + TikTok,Carrousel 1:1 (photos),Guide,S10,"Bundle, tripack, coffret : combien de boosters dedans ?",Comparer dans la collection,Photos réelles des produits reçus (mention de contenu lisible),Aucune donnée de stock ni de prix ; faits sourcés (15_SUJETS.md) ; ton validé ; contenus repris des fiches validées,A-09,À préparer,
Alertes de stock local aux inscrits intéressés (à chaque réception),2026-11-23,lundi,J50,S8,"J46-60 Test pub ≤ 500 CHF, collaboration locale, emails réassort",Email,Email automatique,Email 04,Nouveauté accessible,—,Ce que vous attendiez est en stock local.,Voir la fiche,"Photo réelle du produit en stock (session A06), sans prix incrusté",Déclenché par une entrée en stock local réelle ; Stock local > 0 sur la fiche publiée ; prix et stock relus sur la page publique moins d'1 h avant (hypothèse) ; aucun stop-loss produit ou pub actif sur la référence,A-09 (BL-135),À préparer,"Événementiel, pas planifié ; segment = préférences + alerte produit"
Test publicitaire : préparation et décision de date,2026-11-23,lundi,J50,S8,"J46-60 Test pub ≤ 500 CHF, collaboration locale, emails réassort",Publicité,Meta (Instagram/Facebook),2-3 créations,—,"S01, S08",—,—,Créations de PUBLICITE_TEST.md §4,G4 VERT ; niveau 3 (C15) ; comptes pub avec plafond (B20) ; cash ≥ 1 600 CHF + budget,A-10,À préparer,Option A : démarrage le 30.11 ; option B : plafond jour divisé par deux jusqu'au 30.11 (EC-10)
Nouveauté accessible de la semaine,2026-11-25,mercredi,J52,S8,"J46-60 Test pub ≤ 500 CHF, collaboration locale, emails réassort",Publication,Instagram + TikTok,Carrousel 4:5 (photos),Nouveauté accessible,—,[Format] [extension] en français : en stock local.,Voir la fiche,"Photo réelle du produit en stock (session A06), sans prix incrusté",Stock local > 0 sur la fiche publiée ; prix et stock relus sur la page publique moins d'1 h avant (hypothèse) ; aucun stop-loss produit ou pub actif sur la référence,A-09,À préparer,
Récapitulatif hebdomadaire,2026-11-26,jeudi,J53,S8,"J46-60 Test pub ≤ 500 CHF, collaboration locale, emails réassort",Email,Email aux inscrits,Email 05,Guide,S10,Que contient vraiment la boîte ? Et ce qui est en stock.,Lire le guide,"Photo réelle du produit en stock (session A06), sans prix incrusté",Inscrits confirmés ayant choisi le récapitulatif uniquement ; annulé s'il n'y a rien d'utile (BP §9 : 1 récapitulatif pertinent au maximum par semaine),A-09,À préparer,
Lire une fiche : les 3 statuts (vidéo),2026-11-27,vendredi,J54,S8,"J46-60 Test pub ≤ 500 CHF, collaboration locale, emails réassort",Publication,Instagram + TikTok,Reel 20 s (V7),Preuve de service,S09,"Sur nos fiches, trois mots, trois promesses.",Voir le stock local,Rushes V7 (captures de fiches réelles),"Black Friday : aucune promotion hors moteur prix, aucun message d'urgence",A-09,À préparer,
Collaboration locale limitée : brief et validation,2026-11-28,samedi,J55,S8,"J46-60 Test pub ≤ 500 CHF, collaboration locale, emails réassort",Production,Interne,—,—,—,—,—,—,Dossier créateur complet (BRIEF_CREATEURS.md) ; contrat validé (C15),"A-10, H",À préparer,Inclus dans les 500 CHF du test (EC-17)
Protéger ses cartes,2026-11-30,lundi,J57,S9,"J46-60 Test pub ≤ 500 CHF, collaboration locale, emails réassort",Publication,Instagram + TikTok,Reel 30 s (V5),Guide,S05,Trois gestes pour protéger vos cartes.,Voir les accessoires,Rushes V5 (accessoires en stock),Aucune donnée de stock ni de prix ; faits sourcés (15_SUJETS.md) ; ton validé ; accessoires en stock local,A-09,À préparer,
Test publicitaire : démarrage (option A) ou suite (option B),2026-11-30,lundi,J57,S9,"J46-60 Test pub ≤ 500 CHF, collaboration locale, emails réassort",Publicité,Meta (Instagram/Facebook),2-3 créations,—,—,—,—,—,Stop-loss pub actif ; plafond jour du mandat ; mesure sur commandes payées nettes,A-10,À préparer,
Nouveauté accessible ou réassort de la semaine,2026-12-02,mercredi,J59,S9,"J46-60 Test pub ≤ 500 CHF, collaboration locale, emails réassort",Publication,Instagram + TikTok,Carrousel 4:5 (photos),Nouveauté accessible,—,[Format] [extension] : de retour en stock local.,Voir la fiche,"Photo réelle du produit en stock (session A06), sans prix incrusté",Stock local > 0 sur la fiche publiée ; prix et stock relus sur la page publique moins d'1 h avant (hypothèse) ; aucun stop-loss produit ou pub actif sur la référence,A-09,À préparer,
Récapitulatif hebdomadaire,2026-12-03,jeudi,J60,S9,"J46-60 Test pub ≤ 500 CHF, collaboration locale, emails réassort",Email,Email aux inscrits,Email 05,Preuve de service,S15,"Délais, suivi, cadeaux : ce qu'il faut savoir.",Voir le stock local,"Photo réelle du produit en stock (session A06), sans prix incrusté",Inscrits confirmés ayant choisi le récapitulatif uniquement ; annulé s'il n'y a rien d'utile (BP §9 : 1 récapitulatif pertinent au maximum par semaine),A-09,À préparer,
Gate G5 : CAC 7 jours contre contribution,2026-12-03,jeudi,J60,S9,"J46-60 Test pub ≤ 500 CHF, collaboration locale, emails réassort",Publicité,Interne,Bilan,—,—,—,—,—,7 jours de données ; commandes payées nettes,"A-10, A-05, H (C16)",À préparer,
"Votre colis : délais, suivi, colis abîmé",2026-12-04,vendredi,J61,S9,"J61-90 Réassort, SEO extensions, scénarios email, bilan",Publication,Instagram + TikTok,Carrousel 4:5,Preuve de service,S15,Commande passée : et maintenant ?,Lire Livraison et retours,"Gabarits DA (docs/05-da/social/), aucun emballage réel ni généré",Dates d'expédition de fin d'année confirmées par le transporteur avant de les citer,A-09,À préparer,
Comprendre une extension (page d'extension),2026-12-07,lundi,J64,S10,"J61-90 Réassort, SEO extensions, scénarios email, bilan",Publication,Instagram + TikTok + site,Article SEO + carrousel,Guide,S03,"Une extension, plusieurs produits : on vous explique.",Voir la page de l'extension,"Photo réelle du produit en stock (session A06), sans prix incrusté",Aucune donnée de stock ni de prix ; faits sourcés (15_SUJETS.md) ; ton validé,"A-08, A-09",À préparer,
Pages SEO par extension en stock (BL-143),2026-12-07,lundi,J64,S10,"J61-90 Réassort, SEO extensions, scénarios email, bilan",SEO,Site,Pages d'extension,Guide,S03,—,Voir l'extension,"Photo réelle du produit en stock (session A06), sans prix incrusté",Une page par extension réellement proposée ; faits sourcés,A-08,À préparer,SEO.md §2
Nouveauté accessible de la semaine,2026-12-09,mercredi,J66,S10,"J61-90 Réassort, SEO extensions, scénarios email, bilan",Publication,Instagram + TikTok,Carrousel 4:5 (photos),Nouveauté accessible,—,[Format] [extension] en français : en stock local.,Voir la fiche,"Photo réelle du produit en stock (session A06), sans prix incrusté",Stock local > 0 sur la fiche publiée ; prix et stock relus sur la page publique moins d'1 h avant (hypothèse) ; aucun stop-loss produit ou pub actif sur la référence,A-09,À préparer,
Récapitulatif : idées cadeaux et dates d'expédition,2026-12-10,jeudi,J67,S10,"J61-90 Réassort, SEO extensions, scénarios email, bilan",Email,Email aux inscrits,Email 05,Guide,S04,"Offrir sans se tromper, et quand commander pour les fêtes.",Voir les idées cadeaux,"Photo réelle du produit en stock (session A06), sans prix incrusté",Inscrits confirmés ayant choisi le récapitulatif uniquement ; annulé s'il n'y a rien d'utile (BP §9 : 1 récapitulatif pertinent au maximum par semaine) ; dates limites confirmées par le transporteur,A-09,À préparer,
Dates d'expédition avant les fêtes,2026-12-11,vendredi,J68,S10,"J61-90 Réassort, SEO extensions, scénarios email, bilan",Publication,Instagram + TikTok,Story + carrousel,Preuve de service,S15,Pour recevoir avant Noël : commandes jusqu'au [date transporteur].,Voir le stock local,"Gabarits DA (docs/05-da/social/), aucun emballage réel ni généré",Date limite confirmée par le transporteur (BL-053) ; pas de « dernière chance »,A-09,À préparer,
Offrir sans se tromper (vidéo),2026-12-14,lundi,J71,S11,"J61-90 Réassort, SEO extensions, scénarios email, bilan",Publication,Instagram + TikTok,Reel 30 s (V6),Guide,S04,Vous voulez offrir des cartes Pokémon ? Trois questions avant d'acheter.,Voir les idées cadeaux,Rushes V6,Aucune donnée de stock ni de prix ; faits sourcés (15_SUJETS.md) ; ton validé,A-09,À préparer,
Nouveauté accessible de la semaine,2026-12-16,mercredi,J73,S11,"J61-90 Réassort, SEO extensions, scénarios email, bilan",Publication,Instagram + TikTok,Carrousel 4:5 (photos),Nouveauté accessible,—,[Format] [extension] en français : en stock local.,Voir la fiche,"Photo réelle du produit en stock (session A06), sans prix incrusté",Stock local > 0 sur la fiche publiée ; prix et stock relus sur la page publique moins d'1 h avant (hypothèse) ; aucun stop-loss produit ou pub actif sur la référence,A-09,À préparer,
Récapitulatif : date limite d'expédition,2026-12-17,jeudi,J74,S11,"J61-90 Réassort, SEO extensions, scénarios email, bilan",Email,Email aux inscrits,Email 05,Preuve de service,S15,Les dates d'expédition avant les fêtes.,Voir le stock local,"Photo réelle du produit en stock (session A06), sans prix incrusté",Inscrits confirmés ayant choisi le récapitulatif uniquement ; annulé s'il n'y a rien d'utile (BP §9 : 1 récapitulatif pertinent au maximum par semaine) ; dates confirmées,A-09,À préparer,
Coulisses : la préparation avant les fêtes,2026-12-18,vendredi,J75,S11,"J61-90 Réassort, SEO extensions, scénarios email, bilan",Publication,Instagram + TikTok,Reel 30 s (rushes V4 renouvelés),Preuve de service,S08,"Une session de colis, du scan au sticker de fermeture.",Voir le stock local,Session de préparation réelle (aucune étiquette ni nom lisible),Aucune donnée client visible ; aucun « dernière chance »,"A-09, H (tournage)",À préparer,
"Activer les scénarios accueil, avis et réachat (BL-144)",2026-12-18,vendredi,J75,S11,"J61-90 Réassort, SEO extensions, scénarios email, bilan",Email,Email automatique,"Emails 11, 12 (et 13 si consentement)",—,—,—,—,—,Consentement et disponibilité vérifiés ; textes validés (L44),"A-09, A-07",À préparer,
Ranger et classer sa collection,2026-12-21,lundi,J78,S12,"J61-90 Réassort, SEO extensions, scénarios email, bilan",Publication,Instagram + TikTok + site,Article SEO + Reel,Guide,S12,Votre collection déborde ? Trois façons de la ranger.,Voir les accessoires,Photos réelles d'accessoires en stock,Aucune donnée de stock ni de prix ; faits sourcés (15_SUJETS.md) ; ton validé,"A-08, A-09",À préparer,
Nouveauté accessible de la semaine (semaine de Noël),2026-12-22,mardi,J79,S12,"J61-90 Réassort, SEO extensions, scénarios email, bilan",Publication,Instagram + TikTok,Carrousel 4:5 (photos),Nouveauté accessible,—,[Format] [extension] en français : en stock local.,Voir la fiche,"Photo réelle du produit en stock (session A06), sans prix incrusté",Stock local > 0 sur la fiche publiée ; prix et stock relus sur la page publique moins d'1 h avant (hypothèse) ; aucun stop-loss produit ou pub actif sur la référence,A-09,À préparer,"Cadence BP §9 (3 publications par semaine) tenue en S12 ; sans produit réellement en stock local, publication annulée et signalée dans le rapport hebdomadaire, jamais remplacée par un produit indisponible"
Expéditions pendant les fêtes : notre calendrier,2026-12-23,mercredi,J80,S12,"J61-90 Réassort, SEO extensions, scénarios email, bilan",Publication,Instagram + TikTok,Story + carrousel,Preuve de service,S15,Nos jours d'expédition entre Noël et Nouvel An.,Voir le stock local,"Gabarits DA (docs/05-da/social/), aucun emballage réel ni généré",Jours d'expédition décidés par la propriétaire (absence planifiée),A-09,À préparer,"Pas d'email le 24.12 ni le 31.12, sauf information d'expédition"
Carte rare garantie ? Non. (vidéo),2026-12-28,lundi,J85,S13,"J61-90 Réassort, SEO extensions, scénarios email, bilan",Publication,Instagram + TikTok,Reel 25 s (V8),Guide,S11,Peut-on vous garantir une carte rare ? Non.,Lire notre FAQ,Rushes V8,Aucune donnée de stock ni de prix ; faits sourcés (15_SUJETS.md) ; ton validé,A-09,À préparer,
Réassort accessible de la semaine,2026-12-30,mercredi,J87,S13,"J61-90 Réassort, SEO extensions, scénarios email, bilan",Publication,Instagram + TikTok,Carrousel 4:5 (photos),Nouveauté accessible,—,[Format] [extension] : de retour en stock local.,Voir la fiche,"Photo réelle du produit en stock (session A06), sans prix incrusté",Stock local > 0 sur la fiche publiée ; prix et stock relus sur la page publique moins d'1 h avant (hypothèse) ; aucun stop-loss produit ou pub actif sur la référence ; réassort validé (C17),A-09,À préparer,
Scellé et authentique : nos contrôles,2027-01-02,samedi,J90,S13,"J61-90 Réassort, SEO extensions, scénarios email, bilan",Publication,Instagram + TikTok,Carrousel 4:5 (photos),Preuve de service,S13,"Avant d'être en vente, chaque boîte passe ce contrôle.",Voir le stock local,Photos réelles de réception,Aucune donnée de stock ni de prix ; faits sourcés (15_SUJETS.md) ; ton validé,A-09,À préparer,Publication programmée (samedi 2 janvier)
"Bilan G6 : contenus, emails, publicité",2027-01-02,samedi,J90,S13,"J61-90 Réassort, SEO extensions, scénarios email, bilan",Production,Interne,Bilan,—,—,—,—,—,—,"A-01, A-09, A-10",À préparer,Entrées et commandes par source UTM ; sujets qui convertissent
