contact_id,categorie,organisation,role_bp,priorite_bp,source_bp,site_web,canal_contact,email_public,verification_statut,verification_date,pays,langue,statut,date_premier_contact,date_relance_j5,date_relance_j12,prochaine_action,agent_responsable,validation_humaine_requise,notes
F01,fournisseur,Asmodee France,"Distributeur Pokémon JCC FR (droits FR et BE selon Poképédia, source secondaire)",1,§2 [S1],https://www.asmodee.fr/contact/,Formulaire de demande de création de compte détaillant (site B2B) ; contact commercial,,URL citée par le BP ; présente dans l'index de recherche ; page non ouverte (proxy 403) ; B2B indexé : https://shop.asmodee.fr/ et https://shop.asmodee.fr/contact-us,2026-10-04,FR,fr,non contacté,,,,BL-021 vérifier le canal ; BL-040 envoyer la demande (J3),Agent 02 Sourcing,O (création de compte : B11),"Un résumé de recherche cite l'adresse générique commercialcore@asmodee.com : NON VÉRIFIÉE sur une page officielle, ne pas l'utiliser avant vérification. Question n°1 : acceptation d'une entreprise suisse et territoire (EC-04)."
F02,fournisseur,Matoo et Miao (MatooCorp),"Grossiste Pokémon FR/JP/CN pour professionnels (Joigny, FR, selon l'index)",1,§2 [S2],https://wholesale.miao.matoocorp.com/,Inscription professionnelle sur le portail wholesale,,URL citée par le BP ; présente dans l'index de recherche ; page non ouverte (proxy 403) ; nom de domaine non résolu depuis l'environnement de build,2026-10-04,FR,fr,non contacté,,,,BL-021 vérifier le site et le canal ; BL-040 envoyer la demande (J3),Agent 02 Sourcing,O (création de compte : B11),"Demander export Suisse, prix nets, disponibilité FR, flux automatisable (BP §2)."
F03,fournisseur,TCG Distribution,Grossiste TCG FR/JP/EN/CN (SIREN 909283244 selon l'index),1,§2 [S3],https://tcgdistribution.fr/contactez-nous.html,Formulaire de contact ; inscription professionnelle,,URL citée par le BP ; présente dans l'index de recherche ; page non ouverte (proxy 403) ; site principal indexé : https://tcgdistribution.fr/,2026-10-04,FR,fr,non contacté,,,,BL-021 ; BL-040 envoyer la demande (J3),Agent 02 Sourcing,O (création de compte : B11),"Avis clients indexés : ruptures fréquentes sur les nouveautés. Demander livraison Suisse, facture export, tarif, API ou CSV."
F04,fournisseur,OtakuWorld.ch Sagl (OtakuWorld Distribuzione),"Grossiste suisse (Tessin), portail B2B",2,§2 [S4],https://b2b.otakuworld.ch/,Email (adresse du BP) ou formulaire du portail,distribuzione@otakuworld.ch,"Adresse citée par le BP, non retrouvée dans l'index ; adresse générique indexée : info@otakuworld.ch ; portail indexé, page non ouverte (proxy 403)",2026-10-04,CH,it (fr accepté à confirmer),non contacté,,,,BL-021 confirmer l'adresse ; BL-041 envoyer la demande (J4),Agent 02 Sourcing,O (création de compte : B11),"Entreprise italophone : version italienne courte prête (EMAILS_FOURNISSEURS.md). Demander FR régulier, accès sans numéro TVA si non assujetti."
F05,fournisseur,CardCosmos,Accès revendeur B2B ; groupe cardcosmos.de (expédition depuis l'Allemagne selon l'index),2,§2 [S5],https://cardcosmos.ch/fr/pages/acces-b2b,Formulaire de demande d'accès B2B,,URL citée par le BP ; présente dans l'index de recherche ; page non ouverte (proxy 403) ; page B2B indexée côté allemand : https://cardcosmos.de/pages/b2b-zugang,2026-10-04,DE (à confirmer),"de, en, fr (à confirmer)",non contacté,,,,BL-021 ; BL-041 envoyer la demande (J4),Agent 02 Sourcing,O (création de compte : B11),"Traiter comme fournisseur étranger (TVA import, dédouanement) tant que le pays d'expédition n'est pas confirmé (EC-02)."
F06,fournisseur,Carletto AG,"Distributeur principal des cartes Pokémon en Suisse (Brunnen, SZ) selon la presse suisse — HORS BP",hors BP,EC-01,https://www.carletto.ch/,Email générique ou formulaire du site,info@carletto.ch,"Adresse et site issus d'un résumé de recherche (SRF, Luzerner Zeitung, annuaire SVS) ; page non ouverte (proxy 403)",2026-10-04,CH,de (fr à confirmer),non contacté,,,,Attendre la décision C05 (BL-043) ; puis BL-042,Agent 02 Sourcing,O (C05 : autoriser la piste),Question clé : vend-il du FR à des revendeurs en ligne de Romandie ? Conditions d'ouverture de compte.
I01,fiduciaire,Fiduciaire n°1 (à sélectionner),"Statut, TVA, import, comptabilité",—,§2,,Demande d'offre par email,,Shortlist à constituer (BL-008),2026-10-04,CH,fr,non contacté,,,,BL-008 shortlist (J3),Agent 02 Sourcing,O (mandat : B06),"Choisir de préférence une fiduciaire à Genève, familière du e-commerce et de l'importation."
I02,fiduciaire,Fiduciaire n°2 (à sélectionner),"Statut, TVA, import, comptabilité",—,§2,,Demande d'offre par email,,Shortlist à constituer (BL-008),2026-10-04,CH,fr,non contacté,,,,BL-008,Agent 02 Sourcing,O (mandat : B06),
I03,fiduciaire,Fiduciaire n°3 (à sélectionner),"Statut, TVA, import, comptabilité",—,§2,,Demande d'offre par email,,Shortlist à constituer (BL-008),2026-10-04,CH,fr,non contacté,,,,BL-008,Agent 02 Sourcing,O (mandat : B06),
I04,banque,Banque professionnelle (à sélectionner),Compte professionnel,—,§2,,Comparatif sur sources publiques puis rendez-vous,,Comparatif à constituer (BL-051),2026-10-04,CH,fr,non contacté,,,,BL-051 comparatif (J5),Agent 02 Sourcing,O (KYC : B14),"Comparer frais de tenue, cartes, délais d'ouverture, compatibilité avec le PSP."
I05,psp,Shopify Payments,"Prestataire de paiement (carte, TWINT sous conditions d'éligibilité)",—,§7 [S10],https://help.shopify.com/fr/manual/payments/shopify-payments/local-payment-methods/twint,Activation depuis l'administration Shopify,,URL citée par le BP ; non ouverte depuis le build,2026-10-04,CH,fr,non contacté,,,,BL-051 vérifier l'éligibilité et les frais ; B16,Agent 02 Sourcing,O (KYC : B16),"Relever frais, délai de versement, conditions TWINT. Les frais r et b du BP sont des hypothèses."
I06,psp,PSP de repli (à sélectionner),Alternative si Shopify Payments ou TWINT indisponible,—,§7,,Comparatif,,À constituer (BL-051),2026-10-04,CH,fr,non contacté,,,,BL-051,Agent 02 Sourcing,O (KYC),
I07,transporteur,La Poste Suisse,"Colis suisses, suivi, retour",—,§2,https://www.post.ch/fr,Offre pour clients commerciaux (canal à vérifier),,Organisation citée par le BP ; page non ouverte depuis le build,2026-10-04,CH,fr,non contacté,,,,BL-053 demander les tarifs (J5),Agent 02 Sourcing,O (contrat : B17),"Demander tarifs par format, suivi, retours, dépôt ou enlèvement, dates limites de Noël."
I08,transporteur,Transporteur alternatif (à sélectionner),Comparaison des tarifs colis,—,§2,,Demande de tarif,,À sélectionner (BL-053),2026-10-04,CH,fr,non contacté,,,,BL-053,Agent 02 Sourcing,O (contrat : B17),
I09,logisticien,Prestataire logistique (à sélectionner),"Stockage, picking, emballage (option)",—,§2,,Demande de devis,,À sélectionner (BL-055),2026-10-04,CH,fr,non contacté,,,,BL-055 devis (J15),Agent 02 Sourcing,O (contrat),Option pour réduire les interventions physiques A03 à A09.
I10,juriste,Juriste n°1 (à sélectionner),"CGV, données, usage des marques",—,§2,,Demande de devis,,À sélectionner (BL-056),2026-10-04,CH,fr,non contacté,,,,BL-056 devis (J5),Agent 02 Sourcing,O (mandat : B12),"Périmètre : CGV, livraison et retours, précommandes, confidentialité, mentions, usage du mot Pokémon."
I11,juriste,Juriste n°2 (à sélectionner),"CGV, données, usage des marques",—,§2,,Demande de devis,,À sélectionner (BL-056),2026-10-04,CH,fr,non contacté,,,,BL-056,Agent 02 Sourcing,O (mandat : B12),
I12,assurance,"Assureur (à sélectionner, 2 devis)","RC entreprise, stock et marchandises",—,§3,,Demande de devis,,À sélectionner (BL-058),2026-10-04,CH,fr,non contacté,,,,BL-058 devis (J10),Agent 02 Sourcing,O (contrat : B19),
I13,createur,Créateur TCG suisse n°1 (à identifier après validation du stock),Partenariat local limité,—,§2 ; §9,,Message professionnel après G4,,Non identifié (BP : après validation du stock),2026-10-04,CH,fr,non contacté,,,,Après G4 : BL-134,Agent 10 Acquisition,O (contrat : C15),"Demander audience suisse, exemples, coût, droits d'utilisation ; lien ou code dédié."
I14,createur,Créateur TCG suisse n°2 (à identifier après validation du stock),Partenariat local limité,—,§2 ; §9,,Message professionnel après G4,,Non identifié,2026-10-04,CH,fr,non contacté,,,,Après G4 : BL-134,Agent 10 Acquisition,O (contrat : C15),
I15,createur,Créateur TCG suisse n°3 (à identifier après validation du stock),Partenariat local limité,—,§2 ; §9,,Message professionnel après G4,,Non identifié,2026-10-04,CH,fr,non contacté,,,,Après G4 : BL-134,Agent 10 Acquisition,O (contrat : C15),
I16,administration,AFC — Administration fédérale des contributions (TVA),"Assujettissement, inscription TVA",—,§4 [S6],https://www.estv.admin.ch/fr/taxe-sur-la-valeur-ajoutee,Par l'intermédiaire de la fiduciaire,,URL citée par le BP ; non ouverte depuis le build,2026-10-04,CH,fr,non contacté,,,,Via la fiduciaire (B10),Propriétaire + fiduciaire,O (B10),Information uniquement : aucune démarche par les agents.
I17,administration,OFDF — Office fédéral de la douane et de la sécurité des frontières,"Importation, TVA à l'importation",—,§4 [S7],https://www.bazg.admin.ch/fr/reception-de-lettres-et-paquets,Lecture de la documentation ; dédouanement par le transporteur,,URL citée par le BP ; non ouverte depuis le build,2026-10-04,CH,fr,non contacté,,,,Lecture (BL-061),Agent 05 Finance,N,"Droits de douane supprimés sur les produits industriels depuis le 1.1.2024 (SECO, indexé) ; TVA import et frais du transporteur restent dus (EC-18)."
I18,administration,Registre du commerce du canton (Genève par hypothèse),"Inscription RC, IDE",—,§13 S1,,Par l'intermédiaire de la fiduciaire ou en ligne,,Canton à confirmer selon l'entité (B07),2026-10-04,CH,fr,non contacté,,,,B09,Propriétaire,O (B09),
