ID,Titre,Phase,Agent/rôle,Dépendances,Priorité,Statut,Critère de done,Validation humaine (O/N),Section BP,Échéance,Livrable
BL-001,"Rédiger le mandat écrit d'autonomie (plafonds, fournisseurs autorisés, interdits, journal)","P0 Cadre, mandat et statut (J0-J21)",Gouvernance (agent de build),,P1,À faire,"Mandat complet : plafonds chiffrés par type de dépense, fournisseurs autorisés, interdits, format du journal, niveaux 1-4",N,Modèle d'opération ; §11 ; §13,J0,docs/00-pilotage/DELEGATION_AUTONOMIE.md
BL-002,Signer le mandat et fixer les plafonds,"P0 Cadre, mandat et statut (J0-J21)",Propriétaire (humain),"BL-001, BL-005",P1,À faire,"Mandat signé et daté ; plafonds saisis ; empreinte reportée au coffre (créé juste avant, BL-005) par la propriétaire (POKESHOP_MANDATE_FINGERPRINT, sans elle le mandat reste inactif) ; copie archivée",O,Modèle d'opération,J1,docs/00-pilotage/DELEGATION_AUTONOMIE.md
BL-003,"Créer la boîte email dédiée aux agents (2FA, accès délégué)","P0 Cadre, mandat et statut (J0-J21)",Propriétaire (humain),,P1,À faire,Adresse active au nom de l'entité ; 2FA ; identifiants dans le coffre,O,Modèle d'opération,J1,docs/00-pilotage/INTERVENTIONS_HUMAINES.md
BL-004,Ouvrir le compte PayPal dédié au budget des agents (KYC) et y verser l'enveloppe du mandat,"P0 Cadre, mandat et statut (J0-J21)",Propriétaire (humain),BL-002,P2,À faire,Compte vérifié ; solde = enveloppe du mandat ; accès agents limité,O,Modèle d'opération,J3,docs/00-pilotage/INTERVENTIONS_HUMAINES.md
BL-005,Créer le coffre de secrets et déléguer des accès minimaux,"P0 Cadre, mandat et statut (J0-J21)",Propriétaire (humain) + Agent 07 Site et intégrations,BL-003,P1,À faire,"Coffre créé à J1 avant la signature du mandat (BL-002, qui y reporte son empreinte) ; chaque agent n'a que les secrets de sa mission ; aucun secret dans le repo",O,§6 Fiabilité et confidentialité,J1,docs/00-pilotage/INTERVENTIONS_HUMAINES.md
BL-006,Activer le niveau d'autonomie 1 (tout en simulation et brouillons),"P0 Cadre, mandat et statut (J0-J21)",Propriétaire (humain),BL-002,P1,À faire,Niveau 1 consigné dans le journal ; aucune écriture réelle possible,O,§13 Niveaux d'autonomie,J1,docs/00-pilotage/DELEGATION_AUTONOMIE.md
BL-007,"Choisir l'entité exploitante (raison individuelle, Sàrl…) avec la fiduciaire","P0 Cadre, mandat et statut (J0-J21)",Propriétaire (humain),BL-009,P1,À faire,Entité choisie et écrite dans le dossier B2B ; examen de toute l'activité de l'entité pour la TVA,O,§4 ; §14,J7,docs/02-sourcing/DOSSIER_B2B.md
BL-008,"Préparer une shortlist de 3 fiduciaires et le brief (statut, TVA, import, comptabilité)","P0 Cadre, mandat et statut (J0-J21)",Agent 02 Sourcing,BL-002,P1,À faire,3 fiduciaires listées avec offre demandée ; brief envoyé,N,§2 Autres interlocuteurs,J3,docs/02-sourcing/TRACKER_CONTACTS.csv
BL-009,Mandater la fiduciaire (signature de la lettre de mission),"P0 Cadre, mandat et statut (J0-J21)",Propriétaire (humain),BL-008,P1,À faire,Lettre de mission signée ; premier rendez-vous fixé,O,§2 ; §4,J5,docs/02-sourcing/TRACKER_CONTACTS.csv
BL-010,Décider le statut TVA et activer le profil de prix (EFFECTIVE ou NOT_REGISTERED),"P0 Cadre, mandat et statut (J0-J21)",Propriétaire (humain) + fiduciaire,"BL-007, BL-009",P1,À faire,Décision écrite de la fiduciaire ; profil actif consigné ; inscription AFC lancée si requise,O,§4 Les deux traitements TVA,J10,config/pricing_rules.v1.yaml
BL-011,Obtenir ou confirmer l'IDE (et l'inscription au RC si requise ou choisie),"P0 Cadre, mandat et statut (J0-J21)",Propriétaire (humain),BL-007,P1,À faire,Numéro IDE (CHE-…) reçu et saisi dans le dossier B2B,O,§13 Semaine 1 Statut exploitant,J10,docs/02-sourcing/DOSSIER_B2B.md
BL-012,S'affilier comme indépendante à la caisse AVS si raison individuelle (selon la fiduciaire),"P0 Cadre, mandat et statut (J0-J21)",Propriétaire (humain),BL-007,P2,À faire,Affiliation demandée ou non requise (avis écrit de la fiduciaire),O,§13 Statut exploitant,J21,docs/00-pilotage/INTERVENTIONS_HUMAINES.md
BL-013,Valider le budget pilote de 8 000 CHF et financer les charges d'avant ouverture hors réserve,"P0 Cadre, mandat et statut (J0-J21)",Propriétaire (humain),,P1,À faire,Budget validé ; ligne charges pré-ouverture (≈ 400-600 CHF) décidée ; réserve de 1 600 CHF intacte,O,§3,J3,docs/03-finance/NOTE_VERIFICATION_BP.md
BL-014,Rédiger les 12 briefs de mission et le brief commun,"P0 Cadre, mandat et statut (J0-J21)",Agent 01 Chef de projet,BL-001,P2,À faire,"12 briefs avec objectif, entrées, sortie, critères, plafond, escalade",N,§11 Brief commun,J3,docs/08-agents/
BL-015,"Créer les comptes outils de base au nom de l'entité (formulaire, emailing)","P0 Cadre, mandat et statut (J0-J21)",Propriétaire (humain),BL-003,P1,À faire,Comptes créés avec l'adresse dédiée ; accès délégués aux agents dans le coffre,O,§9 Automatisations,J3,docs/00-pilotage/INTERVENTIONS_HUMAINES.md
BL-016,Valider les seuils des gates go/no-go et le plan 90 jours,"P0 Cadre, mandat et statut (J0-J21)",Propriétaire (humain),BL-017,P1,À faire,Seuils signés (ou amendés) ; date de J1 fixée,O,§9 ; §13,J1,docs/00-pilotage/GATES_GO_NO_GO.md
BL-017,"Plan 90 jours, backlog, gates, registre des risques, interventions humaines, écarts BP","P0 Cadre, mandat et statut (J0-J21)",Agent 01 Chef de projet,,P1,Préparé – à valider,Documents livrés et cohérents avec le BP ; écarts listés,N,§9 ; §11 ; §13,J0,docs/00-pilotage/
BL-018,"Protocoles marché (concurrence, entretiens, questionnaire, landing) et assortiment pilote","P0 Cadre, mandat et statut (J0-J21)",Agent 01 Chef de projet + Agent 09 Communication,,P1,Préparé – à valider,Protocoles et grille prêts à l'emploi,N,§1,J0,docs/01-marche/
BL-020,"Relever la grille concurrence (15 références × 5 boutiques suisses, URL + date)",P1 Marché et sourcing (J1-J15),Agent 02 Sourcing,BL-021,P1,À faire,"≥ 10 références comparables relevées chez 5 boutiques ; prix total livré, stock, délai, URL, date",N,§1 Validation avant de commander,J7,docs/01-marche/GRILLE_CONCURRENCE.csv
BL-021,"Re-vérifier les URL et contacts publics (fournisseurs, concurrents) avec un accès web ouvert",P1 Marché et sourcing (J1-J15),Agent 02 Sourcing,,P1,À faire,Chaque URL ouverte ; statut et date mis à jour dans le tracker et la grille,N,§2 ; §14,J2,docs/02-sourcing/TRACKER_CONTACTS.csv
BL-022,Calculer la référence marché par produit (médiane du prix total livré en stock),P1 Marché et sourcing (J1-J15),Agent 05 Finance et pricing,BL-020,P1,À faire,"Médiane, min, max et nombre d'offres par référence ; saisis dans le comparateur",N,§1 ; §5,J8,docs/02-sourcing/COMPARATEUR_OFFRES.xlsx
BL-023,Publier le questionnaire en ligne,P1 Marché et sourcing (J1-J15),Agent 09 Communication,"BL-015, BL-024",P2,À faire,Formulaire publié ; consentement intégré ; test de soumission OK,N,§1,J4,docs/01-marche/QUESTIONNAIRE.md
BL-024,Valider le texte de consentement des entretiens et du questionnaire,P1 Marché et sourcing (J1-J15),Propriétaire (humain),BL-018,P2,À faire,Texte validé (juriste si souhaité),O,§1 ; §7 données,J3,docs/01-marche/GUIDE_ENTRETIENS.md
BL-025,"Recruter 10 à 15 participants (réseau, clubs TCG, liste d'alertes)",P1 Marché et sourcing (J1-J15),Propriétaire (humain) + Agent 09 Communication,BL-024,P1,À faire,"≥ 10 participants planifiés, répartis collectionneurs / parents / joueurs",O,§1,J7,docs/01-marche/GUIDE_ENTRETIENS.md
BL-026,Conduire 10 à 15 entretiens (oral par la propriétaire ou formulaire),P1 Marché et sourcing (J1-J15),Propriétaire (humain) + Agent 09 Communication,"BL-025, BL-023",P1,À faire,≥ 10 entretiens ou questionnaires complets,O,§1 ; §9 Jours 1 à 15,J14,docs/01-marche/GUIDE_ENTRETIENS.md
BL-027,Synthétiser les entretiens et en tirer les décisions assortiment et messages,P1 Marché et sourcing (J1-J15),Agent 01 Chef de projet + Agent 09 Communication,BL-026,P1,À faire,Grille de synthèse remplie ; 3 à 5 décisions proposées,N,§1,J15,docs/01-marche/GUIDE_ENTRETIENS.md
BL-028,"Proposer 3 pistes de nom (domaine, réseaux, recherche préliminaire de marque)",P1 Marché et sourcing (J1-J15),Agent 06 DA,,P1,Préparé – à valider,3 pistes avec résultats de vérification datés,N,§8 Livrables DA,J4,docs/05-da/NAMING.md
BL-029,"Valider le nom de la boutique (avancé à J5-J7, écart EC-08)",P1 Marché et sourcing (J1-J15),Propriétaire (humain),BL-028,P1,À faire,Nom choisi ; remplace {{NOM_BOUTIQUE}},O,§8,J7,docs/05-da/
BL-030,Acheter le domaine et créer les comptes réseaux sociaux de la boutique,P1 Marché et sourcing (J1-J15),Propriétaire (humain),BL-029,P1,À faire,Domaine enregistré au nom de l'entité ; comptes créés ; accès dans le coffre,O,§8 ; §9,J8,docs/00-pilotage/INTERVENTIONS_HUMAINES.md
BL-031,"Construire la landing (présentation + inscription aux alertes, sans faux stock)",P1 Marché et sourcing (J1-J15),Agent 07 Site et intégrations,BL-029,P1,À faire,Page conforme au protocole : aucun stock ni précommande ; double opt-in ; mobile OK,N,§1 ; §9,J9,site/landing/
BL-032,Autoriser la publication de la landing,P1 Marché et sourcing (J1-J15),Propriétaire (humain),"BL-031, BL-030, BL-033, BL-185, BL-186, BL-187",P1,À faire,"GO écrit après la relecture express du juriste (BL-185), n8n hébergé en HTTPS (BL-186) et le workflow d'inscription recetté (BL-187) ; page en ligne ; KPI collectés",O,§1 ; §9,J10,docs/01-marche/PROTOCOLE_LANDING_TEST.md
BL-033,"Rédiger la notice de confidentialité de la landing (consentement, désinscription)",P1 Marché et sourcing (J1-J15),Agent 12 QA et conformité,,P1,À faire,Notice publiée avec la landing ; désinscription testée,N,§7 Paiement et conformité,J9,docs/04-legal/CONFIDENTIALITE_LANDING.md
BL-034,Suivre les KPI de la landing chaque semaine,P1 Marché et sourcing (J1-J15),Agent 10 Acquisition,BL-032,P2,À faire,Rapport hebdomadaire selon le modèle du protocole,N,§1,Hebdo (lundi),docs/01-marche/PROTOCOLE_LANDING_TEST.md
BL-035,Préparer le dossier B2B (présentation de l'entreprise),P1 Marché et sourcing (J1-J15),Agent 02 Sourcing,,P1,Préparé – à valider,Modèle complet ; champs d'identité en {{…}},N,§2 ; §13 Première action,J1,docs/02-sourcing/DOSSIER_B2B.md
BL-036,Valider le dossier B2B (version provisoire « IDE en cours » acceptée),P1 Marché et sourcing (J1-J15),Propriétaire (humain),BL-035,P1,À faire,Champs d'identité remplis ; texte validé,O,§2,J2,docs/02-sourcing/DOSSIER_B2B.md
BL-037,Compléter le dossier B2B avec l'IDE et le statut TVA définitifs,P1 Marché et sourcing (J1-J15),Agent 02 Sourcing,"BL-011, BL-010",P2,À faire,Dossier final envoyé aux fournisseurs qui l'exigent,N,§2,J12,docs/02-sourcing/DOSSIER_B2B.md
BL-038,Valider le panier pilote (même panier pour les 3 fournisseurs FR),P1 Marché et sourcing (J1-J15),Propriétaire (humain),BL-039,P1,À faire,Liste validée ; quantités indicatives acceptées,O,§13 Première action,J2,docs/02-sourcing/PANIER_PILOTE.csv
BL-039,Préparer le panier pilote (15 à 25 références),P1 Marché et sourcing (J1-J15),Agent 02 Sourcing + Agent 04 Catalogue,,P1,Préparé – à valider,Panier conforme à la structure d'assortiment,N,§1 Assortiment pilote,J1,docs/02-sourcing/PANIER_PILOTE.csv
BL-040,Envoyer la demande commerciale et technique aux 3 fournisseurs FR prioritaires,P1 Marché et sourcing (J1-J15),Agent 02 Sourcing,"BL-002, BL-003, BL-021, BL-036, BL-038",P1,À faire,3 demandes envoyées depuis l'adresse dédiée ; date consignée dans le tracker,N,§2 ; §13 Première action,J3,docs/02-sourcing/EMAILS_FOURNISSEURS.md
BL-041,Envoyer la demande à OtakuWorld et CardCosmos (priorité 2),P1 Marché et sourcing (J1-J15),Agent 02 Sourcing,BL-040,P2,À faire,2 demandes envoyées ; date consignée,N,§2,J4,docs/02-sourcing/EMAILS_FOURNISSEURS.md
BL-042,"Contacter Carletto AG (piste hors BP, après accord)",P1 Marché et sourcing (J1-J15),Agent 02 Sourcing,BL-043,P2,À faire,Demande envoyée ; réponse sur le FR et la vente aux revendeurs en ligne,N,Hors BP (écart EC-01),J5,docs/02-sourcing/EMAILS_FOURNISSEURS.md
BL-043,Autoriser Carletto AG comme piste fournisseur dans le mandat,P1 Marché et sourcing (J1-J15),Propriétaire (humain),BL-002,P2,À faire,Décision consignée (oui ou non),O,Hors BP (écart EC-01),J4,docs/00-pilotage/ECARTS_BP.md
BL-044,Relancer à J+5 et J+12 les fournisseurs sans réponse,P1 Marché et sourcing (J1-J15),Agent 02 Sourcing,BL-040,P1,À faire,Relances envoyées aux dates prévues ; statut à jour,N,§2,J8 / J15,docs/02-sourcing/EMAILS_FOURNISSEURS.md
BL-045,"Créer les comptes revendeurs (formulaires B2B, KYC, CGV fournisseur)",P1 Marché et sourcing (J1-J15),Propriétaire (humain),"BL-040, BL-011",P1,À faire,Comptes demandés chez chaque fournisseur retenu ; pièces fournies,O,§12 Ce qui demande une personne,J10,docs/02-sourcing/TRACKER_CONTACTS.csv
BL-046,Faire la due diligence de chaque fournisseur qui répond,P1 Marché et sourcing (J1-J15),Agent 02 Sourcing + Agent 12 QA et conformité,BL-044,P1,À faire,Checklist remplie ; aucun critère éliminatoire ou motif écrit,N,§2,J12,docs/02-sourcing/CHECKLIST_DUE_DILIGENCE_FOURNISSEUR.md
BL-047,Ajouter un fournisseur à la liste autorisée du mandat,P1 Marché et sourcing (J1-J15),Propriétaire (humain),BL-046,P1,À faire,Fournisseur ajouté avec plafond de commande,O,Modèle d'opération,J14,docs/00-pilotage/DELEGATION_AUTONOMIE.md
BL-048,Saisir les devis dans le comparateur et classer les offres,P1 Marché et sourcing (J1-J15),Agent 02 Sourcing + Agent 05 Finance et pricing,"BL-044, BL-022",P1,À faire,Coût rendu CHF par offre ; classement ; aucun champ inconnu non signalé,N,§1 ; §4,J13,docs/02-sourcing/COMPARATEUR_OFFRES.xlsx
BL-049,Recevoir et archiver l'exemple de fichier prix/stock (capture datée),P1 Marché et sourcing (J1-J15),Agent 03 Données fournisseurs,BL-040,P1,À faire,Fichier brut archivé avec horodatage et source,N,§6 ; §13 Semaine 2,J14,data/
BL-050,Proposer la source principale et la 2e source (note de choix),P1 Marché et sourcing (J1-J15),Agent 02 Sourcing,"BL-048, BL-046",P1,À faire,"Note d'une page : classement, risques, recommandation",N,Conditions de lancement,J15,docs/02-sourcing/COMPARATEUR_OFFRES.xlsx
BL-051,"Comparer banques et PSP (compte pro, TWINT, frais, délais de versement)",P1 Marché et sourcing (J1-J15),Agent 02 Sourcing,BL-002,P1,À faire,Comparatif de 3 options avec sources datées,N,§2 ; §7,J5,docs/02-sourcing/TRACKER_CONTACTS.csv
BL-052,Ouvrir le compte bancaire professionnel (KYC),P1 Marché et sourcing (J1-J15),Propriétaire (humain),"BL-051, BL-007",P1,À faire,IBAN actif au nom de l'entité,O,§2,J14,docs/00-pilotage/INTERVENTIONS_HUMAINES.md
BL-053,"Demander les tarifs transporteur (La Poste et alternative : colis CH, suivi, retour)",P1 Marché et sourcing (J1-J15),Agent 02 Sourcing,BL-002,P1,À faire,Tarifs écrits par format de colis ; conditions de retour,N,§2,J5,docs/02-sourcing/TRACKER_CONTACTS.csv
BL-054,Ouvrir le compte client transporteur (contrat),P1 Marché et sourcing (J1-J15),Propriétaire (humain),"BL-053, BL-011",P1,À faire,Compte actif ; étiquettes générables,O,§2 ; §12,J21,docs/00-pilotage/INTERVENTIONS_HUMAINES.md
BL-055,Demander un devis à un prestataire logistique (option),P1 Marché et sourcing (J1-J15),Agent 02 Sourcing,BL-002,P3,À faire,"1 à 2 devis écrits (stockage, picking, emballage)",N,§2,J15,docs/02-sourcing/TRACKER_CONTACTS.csv
BL-056,"Demander un devis à un juriste (CGV, données, usage des marques)",P1 Marché et sourcing (J1-J15),Agent 02 Sourcing,BL-002,P1,À faire,2 devis écrits,N,§2 ; §7,J5,docs/02-sourcing/TRACKER_CONTACTS.csv
BL-057,Mandater le juriste,P1 Marché et sourcing (J1-J15),Propriétaire (humain),BL-056,P1,À faire,"Mandat signé au plus tard à J8 (relecture express de la notice de la landing à J9, BL-185) ; périmètre et délai fixés",O,§2,J8,docs/02-sourcing/TRACKER_CONTACTS.csv
BL-058,"Demander des devis d'assurance (RC entreprise, stock et marchandises)",P1 Marché et sourcing (J1-J15),Agent 02 Sourcing,BL-002,P2,À faire,2 devis écrits,N,§3 Charges,J10,docs/02-sourcing/TRACKER_CONTACTS.csv
BL-059,Signer l'assurance,P1 Marché et sourcing (J1-J15),Propriétaire (humain),BL-058,P2,À faire,Police active avant réception du stock,O,§3,J28,docs/00-pilotage/INTERVENTIONS_HUMAINES.md
BL-060,Documenter et paramétrer les règles TVA et import (2 profils),P1 Marché et sourcing (J1-J15),Agent 05 Finance et pricing,,P1,Préparé – à valider,Fichier de règles versionné ; profils EFFECTIVE et NOT_REGISTERED,N,§4,J5,config/pricing_rules.v1.yaml
BL-061,Faire valider les règles TVA et import par la fiduciaire,P1 Marché et sourcing (J1-J15),Propriétaire (humain) + fiduciaire,"BL-060, BL-009",P1,À faire,"Avis écrit : base TVA import, frais transporteur, profil actif",O,§4 ; §13 Semaine 1,J12,config/pricing_rules.v1.yaml
BL-062,"Modèle financier, étoile polaire et trésorerie 13 semaines",P1 Marché et sourcing (J1-J15),Agent 05 Finance et pricing,,P1,Préparé – à valider,Classeurs recalculés sans erreur ; chiffres du BP reproduits,N,§3 ; §10,J0,docs/03-finance/
BL-063,Gate G1 (fin S1) : accès fournisseur et hypothèses critiques identifiés,P1 Marché et sourcing (J1-J15),Agent 01 Chef de projet,"BL-040, BL-020, BL-013",P1,À faire,Fiche gate remplie ; escalade à la propriétaire seulement si rouge,N,§13 Semaine 1,J7,docs/00-pilotage/GATES_GO_NO_GO.md
BL-064,Gate G2 (J15) : flux fournisseur et marges pilote identifiés,P1 Marché et sourcing (J1-J15),Agent 01 Chef de projet,"BL-050, BL-049, BL-027, BL-022, BL-061",P1,À faire,"Fiche gate remplie ; GO, REPORT ou STOP motivé",N,§9 Jours 1 à 15 ; §13 Semaine 2,J15,docs/00-pilotage/GATES_GO_NO_GO.md
BL-070,Proposer deux directions visuelles appliquées à une page produit,"P2 Données, prix et site test (J8-J30)",Agent 06 DA,BL-029,P1,Préparé – à valider,"2 directions : palette, typographies, grille, références, page produit",N,§8,J18,docs/05-da/DIRECTION_A.md ; docs/05-da/DIRECTION_B.md
BL-071,Valider la direction visuelle et le logo (une fois),"P2 Données, prix et site test (J8-J30)",Propriétaire (humain),BL-070,P1,À faire,Direction choisie ; logo approuvé,O,§8 Production et contrôle,J20,docs/05-da/
BL-072,"Produire logo, variantes, favicon et mini-charte de 8 à 12 pages","P2 Données, prix et site test (J8-J30)",Agent 06 DA,BL-071,P2,Préparé – à valider,Fichiers livrés ; règles de lisibilité,N,§8,J24,docs/05-da/logo/ ; docs/05-da/CHARTE.html
BL-073,"Produire les composants (badges, cartes produit, bannières, emails)","P2 Données, prix et site test (J8-J30)",Agent 06 DA,BL-071,P2,Préparé – à valider,"Badges FR, stock local, précommande, nouveauté ; cartes produit ; gabarits email",N,§8,J26,docs/05-da/components/
BL-074,"Produire les templates sociaux 9:16, 4:5, carré (couvertures, stories, carrousels)","P2 Données, prix et site test (J8-J30)",Agent 06 DA,BL-071,P3,Préparé – à valider,Templates vérifiés pour les plateformes choisies,N,§8,J30,docs/05-da/social/
BL-075,"Concevoir le packaging (sticker, carte de remerciement, repère de commande) chiffré au coût réel","P2 Données, prix et site test (J8-J30)",Agent 06 DA + Agent 11 Opérations et SAV,BL-071,P2,Préparé – à valider,Fichiers et devis ; coût unitaire intégré à L,N,§8,J28,docs/05-da/packaging/NOTE_CHIFFRAGE.md
BL-076,"Commander emballages et matériel (≤ 300 CHF, dans le mandat)","P2 Données, prix et site test (J8-J30)",Agent 11 Opérations et SAV,"BL-075, BL-004",P2,À faire,Commande passée dans le plafond ; réception par la propriétaire,N,§3,J30,docs/07-ops/
BL-077,Créer le schéma PostgreSQL et les migrations,"P2 Données, prix et site test (J8-J30)",Agent 03 Données fournisseurs,,P1,À faire,Migrations appliquées ; vue public_catalog sans coûts,N,§6,J14,db/migrations/
BL-078,"Développer les importeurs CSV/XLSX/XML, le dictionnaire de champs et la quarantaine","P2 Données, prix et site test (J8-J30)",Agent 03 Données fournisseurs,BL-077,P1,À faire,Tests verts sur jeux FICTIFS ; anomalies en quarantaine,N,§6 ; §13 Tests,J14,engine/pokeshop/importers/
BL-079,Construire le connecteur du fournisseur principal sur l'exemple réel,"P2 Données, prix et site test (J8-J30)",Agent 03 Données fournisseurs,"BL-049, BL-078",P1,À faire,Exemple réel importé sans anomalie critique ; mapping YAML versionné,N,§13 Première action,J18,data/supplier_mappings/
BL-080,"Normaliser 10 SKU (GTIN, langue, extension, format, contenu)","P2 Données, prix et site test (J8-J30)",Agent 04 Catalogue,BL-079,P1,À faire,10 identités produit complètes ; toute ambiguïté en brouillon,N,§13 Semaine 2,J18,engine/pokeshop/catalog.py
BL-081,Calculer coût rendu et prix pilote sur les 10 SKU,"P2 Données, prix et site test (J8-J30)",Agent 05 Finance et pricing,"BL-080, BL-010",P1,À faire,Décisions de prix versionnées pour 10 SKU,N,§4 ; §5,J20,engine/pokeshop/pricing.py
BL-082,Contrôler les calculs contre devis et facture,"P2 Données, prix et site test (J8-J30)",Agent 12 QA et conformité,BL-081,P1,À faire,"0 écart > 0,01 CHF entre moteur, comparateur et devis",N,§13 Semaine 2,J21,docs/02-sourcing/COMPARATEUR_OFFRES.xlsx
BL-083,Moteur prix et stock : tests obligatoires du BP au vert,"P2 Données, prix et site test (J8-J30)",Agent 05 Finance et pricing + Agent 12 QA et conformité,,P1,Préparé – à valider,pytest vert sur les cas BP §4 et §13,N,§13 Tests obligatoires,J10,engine/pokeshop/ ; tests/
BL-084,"Valider les règles de prix v1 (cible 20 %, plancher 12 % et 8 CHF, arrondi, petits produits)","P2 Données, prix et site test (J8-J30)",Propriétaire (humain),"BL-083, BL-010",P1,À faire,Version des règles approuvée et consignée ; règle des petits produits activée ou non (site/shopify/STRUCTURE_BOUTIQUE.md §7 point 8),O,§5,J14,config/pricing_rules.v1.yaml
BL-085,Implémenter et tester le stop-loss multi-niveaux,"P2 Données, prix et site test (J8-J30)",Gouvernance (agent de build),BL-001,P1,À faire,"6 niveaux testés (produit, extension, pub, cash, global, temps)",N,Modèle d'opération,J14,engine/pokeshop/stoploss.py
BL-086,"Créer la boutique Shopify (compte, plan, propriétaire)","P2 Données, prix et site test (J8-J30)",Propriétaire (humain),"BL-030, BL-011",P1,À faire,Boutique créée ; accès API délégué via le coffre,O,§6 ; §12,J16,docs/00-pilotage/INTERVENTIONS_HUMAINES.md
BL-087,"Monter le thème, les collections et les pages","P2 Données, prix et site test (J8-J30)",Agent 07 Site et intégrations,"BL-086, BL-072",P1,À faire,"Accueil, collections, pages extensions, précommandes, livraison, FAQ, légales",N,§7 Structure,J26,site/
BL-088,"Développer le client Shopify (dry-run, idempotence) et la publication filtrée","P2 Données, prix et site test (J8-J30)",Agent 07 Site et intégrations,BL-086,P1,À faire,"Test qui échoue si un champ coût, marge ou fournisseur fuit",N,§6,J24,engine/pokeshop/shopify_client.py
BL-089,Exposer l'API du moteur (FastAPI),"P2 Données, prix et site test (J8-J30)",Agent 07 Site et intégrations,BL-083,P1,À faire,Endpoints SPEC §2.7 testés,N,§6,J20,engine/pokeshop/api.py
BL-090,Construire les 4 workflows n8n,"P2 Données, prix et site test (J8-J30)",Agent 07 Site et intégrations,"BL-089, BL-079",P1,À faire,"Fournisseur→site, commande→livraison, facture→marge, incident : en simulation",N,§12,J26,orchestration/n8n/
BL-091,"Construire le tableau de bord interne (quotidien, hebdo, mensuel)","P2 Données, prix et site test (J8-J30)",Agent 07 Site et intégrations,BL-089,P2,À faire,Indicateurs BP §12 + étoile polaire + stop-loss,N,§12 Tableau de bord,J28,dashboard/
BL-092,Réussir 20 synchronisations PROPRES consécutives sur des livraisons fournisseur réelles,"P2 Données, prix et site test (J8-J30)",Agent 12 QA et conformité,"BL-088, BL-090",P1,À faire,"GET /sync/history : consecutive_clean_runs ≥ 20 (cycles en simulation sur 20 livraisons réelles distinctes : fichiers non FICTIFS, datés, de contenu différent, catalogue enregistré dans le moteur) ; 0 erreur critique au sens de GATES_GO_NO_GO.md ; calendrier des flux réels demandé au fournisseur dès BL-049",N,§13 Semaines 3 et 4,J28,docs/00-pilotage/GATES_GO_NO_GO.md
BL-093,Obtenir l'autorisation écrite de réutiliser textes et images,"P2 Données, prix et site test (J8-J30)",Agent 02 Sourcing,BL-040,P2,À faire,Accord écrit archivé par fournisseur ; sinon photos propres,N,§2 ; §7,J20,docs/02-sourcing/TRACKER_CONTACTS.csv
BL-094,"Produire 10 fiches produit (titre exact, photos autorisées, prix validé, état du stock)","P2 Données, prix et site test (J8-J30)",Agent 04 Catalogue + Agent 08 SEO et rédaction,"BL-080, BL-093, BL-087",P1,À faire,10 fiches en brouillon conformes à BP §7,N,§7 Fiche produit ; §9 Jours 16 à 30,J28,site/
BL-095,"Rédiger les brouillons CGV, livraison et retours, confidentialité, mentions légales, précommandes","P2 Données, prix et site test (J8-J30)",Agent 12 QA et conformité,,P1,À faire,5 brouillons marqués « à faire revoir »,N,§7,J14,docs/04-legal/
BL-096,Faire relire les textes légaux par le juriste et les valider,"P2 Données, prix et site test (J8-J30)",Propriétaire (humain) + juriste,"BL-095, BL-057",P1,À faire,Versions finales validées et datées ; durée de conservation des paniers abandonnés (DUREE_CONSERVATION_PANIER) validée avec le juriste,O,§7 ; §12,J28,docs/04-legal/
BL-097,"Activer Shopify Payments (ou un PSP) et TWINT (KYC, contrat)","P2 Données, prix et site test (J8-J30)",Propriétaire (humain),"BL-086, BL-052",P1,À faire,Paiements carte et TWINT actifs ; versements vers l'IBAN pro,O,§7 Paiement,J21,docs/00-pilotage/INTERVENTIONS_HUMAINES.md
BL-098,"Tester les paiements (réussi, refusé, doublon, remboursement, délai de versement)","P2 Données, prix et site test (J8-J30)",Agent 12 QA et conformité,BL-097,P1,À faire,5 scénarios passés ; délai de versement mesuré,N,§7,J28,docs/00-pilotage/GATES_GO_NO_GO.md
BL-099,Faire la recette complète du parcours sur mobile et ordinateur,"P2 Données, prix et site test (J8-J30)",Agent 12 QA et conformité,"BL-094, BL-098, BL-092",P1,À faire,"Recherche → remboursement ; stock simultané, remise, port gratuit, rupture, commande mixte",N,§7 Recette,J30,docs/00-pilotage/GATES_GO_NO_GO.md
BL-100,Écrire les 15 sujets de contenus éducatifs et définir le ton,"P2 Données, prix et site test (J8-J30)",Agent 08 SEO et rédaction + Agent 09 Communication,BL-029,P2,À faire,15 sujets rédigés ; faits produits sourcés,N,§8 Contenus réutilisables,J25,docs/06-contenu/
BL-101,Établir le calendrier éditorial sur 90 jours,"P2 Données, prix et site test (J8-J30)",Agent 09 Communication,BL-100,P2,À faire,3 publications par semaine planifiées,N,§9 Rythme,J25,docs/06-contenu/
BL-102,Rédiger les emails transactionnels et les automatisations,"P2 Données, prix et site test (J8-J30)",Agent 09 Communication + Agent 07 Site et intégrations,BL-073,P1,À faire,"Inscription, nouveau stock, expédié, avis, réachat, panier abandonné, désinscription",N,§9 Automatisations,J28,docs/06-contenu/
BL-103,Vérifier consentements marketing et désinscription propagée à tous les outils,"P2 Données, prix et site test (J8-J30)",Agent 12 QA et conformité,BL-102,P1,À faire,Test de désinscription OK sur chaque outil,N,§7 ; §9,J28,docs/04-legal/
BL-104,"Écrire les SOP réception, préparation colis, SAV, retours, incidents","P2 Données, prix et site test (J8-J30)",Agent 11 Opérations et SAV,,P1,À faire,SOP testées à blanc par la propriétaire,N,§12,J21,docs/07-ops/
BL-105,Envoyer un colis test et un retour test (suivi),"P2 Données, prix et site test (J8-J30)",Propriétaire (humain),"BL-054, BL-104",P1,À faire,Colis livré avec suivi ; retour reçu ; coût réel mesuré,O,Conditions de lancement,J28,docs/07-ops/
BL-106,Gate G3 (J30) : préparer le dossier GO achat du stock (conditions de lancement),"P2 Données, prix et site test (J8-J30)",Agent 01 Chef de projet,"BL-064, BL-084, BL-085, BL-092, BL-098, BL-099, BL-105, BL-096, BL-062, BL-181",P1,À faire,Fiche gate : 6 conditions de lancement vérifiées avec preuves,N,Conditions de lancement ; §9 Jours 16 à 30,J30,docs/00-pilotage/GATES_GO_NO_GO.md
BL-107,"Décider l'achat du stock pilote (≤ 3 000 CHF, plafond 25 % par extension)","P2 Données, prix et site test (J8-J30)",Propriétaire (humain),"BL-106, BL-193",P1,À faire,Décision écrite ; panier final approuvé,O,§1 ; §3,J30,docs/01-marche/ASSORTIMENT_PILOTE.md
BL-110,Passer et payer la commande fournisseur,P3 Stock et ouverture douce (J31-J45),Propriétaire (humain),"BL-107, BL-045, BL-047",P1,À faire,Commande confirmée par écrit ; paiement tracé,O,§5 Réassort,J31,docs/02-sourcing/COMPARATEUR_OFFRES.xlsx
BL-111,"Réceptionner le stock (comptage, scellés, langue, dommages)",P3 Stock et ouverture douce (J31-J45),Propriétaire (humain),"BL-110, BL-104",P1,À faire,Bon de réception signé ; écarts déclarés au fournisseur sous 48 h,O,§12 Ce qui demande une personne,J35,docs/07-ops/
BL-112,Contrôler l'authenticité de chaque lot,P3 Stock et ouverture douce (J31-J45),Propriétaire (humain),BL-111,P1,À faire,Contrôle consigné ; lot suspect mis en quarantaine,O,§12,J35,docs/07-ops/
BL-113,"Enregistrer réception, facture et justificatif d'import (coût historique)",P3 Stock et ouverture douce (J31-J45),Agent 05 Finance et pricing,BL-111,P1,À faire,Lots saisis au coût rendu réel ; écarts estimation/facture signalés,N,§12 Workflow facture,J36,engine/pokeshop/costs.py
BL-114,Organiser une session photos et vidéos réelles groupée,P3 Stock et ouverture douce (J31-J45),Propriétaire (humain),BL-111,P1,À faire,Photos de chaque référence reçue ; rushes pour 3 contenus,O,§8 Contenus,J37,docs/06-contenu/
BL-115,Publier les fiches du stock local reçu,P3 Stock et ouverture douce (J31-J45),Agent 04 Catalogue,"BL-113, BL-114, BL-099, BL-196, BL-197",P1,À faire,"Fiches publiées avec stock vendable local uniquement ; chaque fiche validée par la propriétaire (BL-197), sinon brouillon",N,§5 ; §7,J38,site/
BL-116,Activer le niveau d'autonomie 2 (prix et stock synchronisés dans des seuils),P3 Stock et ouverture douce (J31-J45),Propriétaire (humain),"BL-092, BL-099, BL-176, BL-178, BL-191, BL-193, BL-199",P1,À faire,Niveau 2 consigné (hausse par POST /autonomy avec le jeton de la propriétaire) ; point zéro posé (BL-191) ; recette signée (BL-193) ; retour au niveau 1 testé,O,§13 Niveaux d'autonomie,J38,docs/00-pilotage/DELEGATION_AUTONOMIE.md
BL-117,Donner le GO de l'ouverture douce à la liste d'alertes,P3 Stock et ouverture douce (J31-J45),Propriétaire (humain),"BL-115, BL-116, BL-096",P1,À faire,GO écrit,O,§9 Jours 31 à 45,J38,docs/00-pilotage/GATES_GO_NO_GO.md
BL-118,Ouverture douce : email aux inscrits et publication,P3 Stock et ouverture douce (J31-J45),Agent 09 Communication,BL-117,P1,À faire,Email envoyé aux seuls inscrits consentants ; J_V1 consigné à la 1re commande payée,N,§9,J38,docs/06-contenu/
BL-119,"Publier 3 contenus par semaine (guide, nouveauté accessible, preuve de service)",P3 Stock et ouverture douce (J31-J45),Agent 09 Communication,BL-101,P2,À faire,3 publications par semaine ; stock et prix contrôlés avant diffusion,N,§9 Rythme,Hebdo,docs/06-contenu/
BL-120,Préparer et expédier les colis,P3 Stock et ouverture douce (J31-J45),Propriétaire (humain),BL-118,P1,À faire,Expédition sous le délai annoncé ; scan produit avant fermeture,O,§12 Workflow commande,Quotidien,docs/07-ops/
BL-121,"Assurer le SAV de niveau 1 (FAQ, suivi) et escalader les litiges",P3 Stock et ouverture douce (J31-J45),Agent 11 Opérations et SAV,BL-118,P1,À faire,Réponse < 24 h ouvrées ; litiges hors règle escaladés,N,§11 ; §12,Quotidien,docs/07-ops/
BL-122,Mettre en route le workflow facture → marge réelle,P3 Stock et ouverture douce (J31-J45),Agent 05 Finance et pricing,BL-113,P2,À faire,Contribution réalisée recalculée par commande,N,§12,J42,engine/pokeshop/costs.py
BL-123,"Gate G4 (J45) : premières commandes livrées, contribution positive → GO test pub",P3 Stock et ouverture douce (J31-J45),Propriétaire (humain),"BL-120, BL-122",P1,À faire,Fiche gate ; décision écrite sur le test publicitaire,O,§9 Jours 31 à 45 ; §13 Semaines 5 et 6,J45,docs/00-pilotage/GATES_GO_NO_GO.md
BL-130,"Planifier le test publicitaire (2-3 créations, offre claire, plafond jour, ≤ 500 CHF)",P4 Test acquisition (J46-J60),Agent 10 Acquisition,BL-123,P1,À faire,"Plan avec plafond jour, règle de coupure et attribution",N,§9 Publicité,J46,docs/00-pilotage/GATES_GO_NO_GO.md
BL-131,"Créer les comptes publicitaires (identité, moyen de paiement, plafonds)",P4 Test acquisition (J46-J60),Propriétaire (humain),BL-030,P2,À faire,Comptes actifs ; plafond de dépense paramétré au niveau du compte,O,§9,J45,docs/00-pilotage/INTERVENTIONS_HUMAINES.md
BL-132,Activer le niveau d'autonomie 3 (nouveaux produits conformes et campagnes selon règles),P4 Test acquisition (J46-J60),Propriétaire (humain),"BL-123, BL-085",P1,À faire,Niveau 3 consigné (jeton de la propriétaire) ; coupure automatique testée,O,§13 Niveaux d'autonomie,J45,docs/00-pilotage/DELEGATION_AUTONOMIE.md
BL-133,Mesurer le CAC sur commandes payées nettes d'annulations et de remboursements,P4 Test acquisition (J46-J60),Agent 10 Acquisition + Agent 05 Finance et pricing,"BL-130, BL-198",P1,À faire,CAC sur 7 jours glissants et cumulé ; comparé à la contribution,N,§9 Publicité,J60,dashboard/
BL-134,Monter une collaboration locale limitée avec un créateur TCG suisse,P4 Test acquisition (J46-J60),Agent 10 Acquisition,BL-123,P3,À faire,"Audience suisse, exemples, coût et droits obtenus ; lien ou code dédié ; contrat validé",O,§9 ; §2,J55,docs/02-sourcing/TRACKER_CONTACTS.csv
BL-135,Envoyer les emails de réassort aux inscrits intéressés,P4 Test acquisition (J46-J60),Agent 09 Communication,BL-118,P2,À faire,Alertes envoyées seulement sur stock local réel,N,§9,J50,docs/06-contenu/
BL-136,Gate G5 (J60 option B ; J64 option A) : CAC inférieur à la contribution disponible → poursuivre ou couper la pub,P4 Test acquisition (J46-J60),Propriétaire (humain),BL-133,P1,À faire,"Fiche gate sur 7 jours complets de données pub (J60 si le test démarre à J46 avec plafond réduit ; J64 si le test démarre le 30.11, option A recommandée) ; décision écrite",O,§9 Jours 46 à 60,J60 (option B) ou J64 (option A),docs/00-pilotage/GATES_GO_NO_GO.md
BL-140,"Proposer les réassorts des ventes prouvées (MOQ, cartons, budget, plafond)",P5 Réassort et bilan (J61-J90),Agent 11 Opérations et SAV + Agent 05 Finance et pricing,BL-113,P1,À faire,Proposition chiffrée par référence ; jamais de commande automatique avant le niveau 4,N,§5 Réassort,J62,engine/pokeshop/stock.py
BL-141,Valider chaque réassort (jusqu'au niveau 4),P5 Réassort et bilan (J61-J90),Propriétaire (humain),BL-140,P1,À faire,Validation ou refus écrit par proposition,O,§5,J62,docs/00-pilotage/DELEGATION_AUTONOMIE.md
BL-142,Activer un 2e fournisseur (compte ouvert et flux ou commande),P5 Réassort et bilan (J61-J90),Agent 02 Sourcing + Propriétaire (humain),"BL-050, BL-047",P1,À faire,2e fournisseur actif avec au moins un import ou une commande,O,§13 Semaines 7 à 12,J75,docs/02-sourcing/TRACKER_CONTACTS.csv
BL-143,Rédiger les pages SEO par extension,P5 Réassort et bilan (J61-J90),Agent 08 SEO et rédaction,BL-115,P2,À faire,1 page par extension en stock ; faits sourcés,N,§9 Jours 61 à 90,J70,site/
BL-144,"Activer les scénarios email (accueil, réachat, avis)",P5 Réassort et bilan (J61-J90),Agent 09 Communication,BL-102,P2,À faire,Scénarios actifs avec consentement et disponibilité,N,§9,J75,docs/06-contenu/
BL-145,Comparer la marge réelle par facture à l'estimation,P5 Réassort et bilan (J61-J90),Agent 05 Finance et pricing,BL-122,P1,À faire,Écarts > 2 % expliqués ; règles ajustées si besoin,N,§12 ; §13 Semaines 7 à 12,J80,docs/03-finance/
BL-146,Activer le niveau d'autonomie 4 (réassort automatique sous budget) – optionnel,P5 Réassort et bilan (J61-J90),Propriétaire (humain),"BL-141, BL-145",P3,À faire,Niveau 4 consigné avec enveloppe ; recette passée,O,§13 Niveaux d'autonomie,J85,docs/00-pilotage/DELEGATION_AUTONOMIE.md
BL-147,"Gate G6 (J90) : bilan 90 jours (étoile polaire, stop-loss, indicateurs, risques)",P5 Réassort et bilan (J61-J90),Agent 01 Chef de projet,"BL-145, BL-136",P1,À faire,Bilan d'une page + annexes ; rotation et trésorerie évaluées,N,§9 Jours 61 à 90,J90,docs/00-pilotage/GATES_GO_NO_GO.md
BL-148,Examiner l'assujettissement TVA anticipé si la trajectoire dépasse 100 000 CHF,P5 Réassort et bilan (J61-J90),Propriétaire (humain) + fiduciaire,BL-147,P2,À faire,Avis écrit de la fiduciaire,O,§10,J90,docs/03-finance/
BL-149,"Décider du financement du BFR (apport, crédit fournisseur, plafond de croissance)",P5 Réassort et bilan (J61-J90),Propriétaire (humain),BL-147,P2,À faire,Décision écrite avant tout objectif au-delà du pilote,O,§10 Stock nécessaire,J90,docs/03-finance/NOTE_VERIFICATION_BP.md
BL-150,"Gate G7 (J_V1 + 60) : décider de poursuivre, reporter ou arrêter",P6 Décision (J_V1+60),Propriétaire (humain),BL-147,P1,À faire,Décision écrite sur la base des 4 indicateurs du §1 et de l'étoile polaire,O,§1 Indicateurs ; §13 Décision,J_V1+60,docs/00-pilotage/GATES_GO_NO_GO.md
BL-160,"Journal, idempotence, file de reprise, sauvegarde et test de restauration",Transverse,Agent 12 QA et conformité,BL-077,P1,À faire,Restauration testée ; rejeu sans double écriture,N,§6 Fiabilité,J28,engine/pokeshop/audit.py
BL-161,"Surveiller les flux (panne, donnée > 24 h) et traiter les incidents",Transverse,Agent 12 QA et conformité + Agent 03 Données fournisseurs,BL-090,P1,À faire,Alerte en < 1 h ; achats et promesses bloqués si donnée > 24 h,N,§5 ; §12 Workflow incident,J30,engine/pokeshop/incidents.py
BL-162,Revue hebdomadaire des exceptions avec la propriétaire,Transverse,Agent 01 Chef de projet,BL-002,P1,À faire,Compte rendu d'une page chaque lundi,N,§11 Ordre des dépendances,Hebdo (lundi),docs/00-pilotage/
BL-163,Mettre à jour le registre des risques,Transverse,Agent 01 Chef de projet,BL-017,P2,À faire,Registre daté chaque semaine ; déclencheurs vérifiés,N,§13,Hebdo (lundi),docs/00-pilotage/REGISTRE_RISQUES.md
BL-164,Mettre à jour le registre des écarts du BP via le coordinateur,Transverse,Agent 01 Chef de projet,BL-017,P2,À faire,Chaque écart a un statut et une décision,N,SPEC §0,Continu,docs/00-pilotage/ECARTS_BP.md
BL-165,Mettre à jour la trésorerie 13 semaines chaque lundi,Transverse,Agent 05 Finance et pricing,BL-062,P1,À faire,Solde réel saisi ; stop-loss cash évalué,N,§3 Gestion de trésorerie,Hebdo (lundi),docs/03-finance/tresorerie_13_semaines.xlsx
BL-166,"Rapprocher paiements, remboursements et versements bancaires",Transverse,Agent 05 Finance et pricing,BL-097,P2,À faire,Écart = 0 ou expliqué,N,§12 Workflow facture,Hebdo,docs/03-finance/
BL-167,Faire l'inventaire physique mensuel,Transverse,Propriétaire (humain),BL-111,P2,À faire,Écart stock physique / système expliqué,O,§5 ; §12,Mensuel,docs/07-ops/
BL-168,Réarmer le stop-loss global (uniquement après un gel),Transverse,Propriétaire (humain),BL-085,P1,À faire,Dossier lu ; réarmement consigné avec motif ; retour au niveau 1 confirmé,O,Modèle d'opération,Si déclenché,docs/00-pilotage/STOP_LOSS.md
BL-169,Préparer le dossier continuer/ajuster/arrêter (stop-loss temps),Transverse,Agent 01 Chef de projet,BL-085,P1,À faire,Dossier remis sous 48 h après le déclenchement,N,Modèle d'opération,Si déclenché,docs/00-pilotage/GATES_GO_NO_GO.md
BL-170,Paramétrer les précommandes uniquement sur allocation ferme (quota),Transverse,Agent 11 Opérations et SAV + Agent 07 Site et intégrations,BL-088,P1,À faire,Quota = allocation ferme − engagées − sécurité ; test de dépassement refusé,N,§5,J30,engine/pokeshop/stock.py
BL-171,Mesurer le temps réel de supervision et par colis (2e compte de résultat),Transverse,Propriétaire (humain) + Agent 05 Finance et pricing,BL-120,P2,À faire,Temps saisi chaque semaine ; rémunération horaire implicite calculée,O,§3 Charges,Hebdo,docs/03-finance/
BL-172,"Arbitrer allocations rares, exceptions au plafond de 25 % et produits sous plancher",Transverse,Propriétaire (humain),BL-002,P2,À faire,"Exception documentée (motif, montant, durée) ; dépassement du plafond de 25 % passé par cap_exceptions de POST /stock/reorder-proposal avec le jeton de la propriétaire ; prix sous plancher approuvé ensuite par BL-192 (floor_exception_ref)",O,§1 ; §5 ; §12,Si déclenché,docs/00-pilotage/DELEGATION_AUTONOMIE.md
BL-173,"Traiter les litiges complexes, fraudes et gestes hors règle",Transverse,Propriétaire (humain),BL-121,P2,À faire,Décision consignée dans le journal SAV,O,§11 ; §12,Si déclenché,docs/07-ops/
BL-174,"Hors périmètre de départ (cartes à l'unité, grading, rachats, autres langues, allemand) : rien sans règles dédiées",Transverse,Propriétaire (humain),BL-150,P3,À faire,Aucune activation avant décision G7 et règles écrites,O,Périmètre de départ ; §7,Après G7,docs/00-pilotage/GATES_GO_NO_GO.md
BL-175,Dropshipping : seulement avec accord fournisseur complet,Transverse,Agent 02 Sourcing,BL-046,P3,À faire,"Accord écrit : réservation, expédition CH, délais, douane, colis neutres, SAV",O,§5,Après G7,docs/02-sourcing/CHECKLIST_DUE_DILIGENCE_FOURNISSEUR.md
BL-176,Générer le jeton de la propriétaire (32 caractères aléatoires ou plus) et placer son empreinte au coffre,"P0 Cadre, mandat et statut (J0-J21)",Propriétaire (humain),BL-005,P1,À faire,"Empreinte POKESHOP_OWNER_TOKEN_SHA256 au coffre ; jeton dans le gestionnaire de mots de passe, jamais transmis à un agent ni collé dans un chat",O,Modèle d'opération ; §13,J2,docs/00-pilotage/STOP_LOSS.md
BL-177,"Générer un jeton par rôle utilisé de la matrice d'autorisations (10 connecteurs, 7 agents avec accès à l'API) ; jetons au coffre","P0 Cadre, mandat et statut (J0-J21)",Propriétaire (humain) + Agent 07 Site et intégrations,BL-005,P1,À faire,"17 jetons générés par la commande de DELEGATION_AUTONOMIE.md §10 étape 6 (openssl rand -hex 32), rangés au coffre, fichier en clair effacé ; empreintes POKESHOP_ROLE_TOKEN_SHA256_<RÔLE> prêtes pour /etc/pokeshop/api.env (dont N8N_07_STOPLOSS, CONNECTEUR_TRESORERIE et FINANCE_PRICING, obligatoires pour lancer la pile à J8) ; agents 01, 02, 06, 08 et 09 sans jeton tant que leur connecteur n'est pas ouvert ; chaque agent ou credential n8n ne reçoit que le jeton de son rôle (docs/08-agents/MATRICE_API.md) ; le jeton commun facultatif ne fait que lire et simuler (403 sur toute écriture)",O,§6 Fiabilité et confidentialité ; modèle d'opération,J2,docs/00-pilotage/DELEGATION_AUTONOMIE.md
BL-178,"Mettre en service la pile (workflows 01 à 08, webhooks Shopify et formulaires, empreinte du jeton en base) ; restauration des sauvegardes vérifiée","P2 Données, prix et site test (J8-J30)",Propriétaire (humain) + Agent 07 Site et intégrations,"BL-089, BL-090, BL-176, BL-186",P1,À faire,"Pile lancée depuis BL-186 et relancée uniquement par scripts/compose.sh avec le fichier hors du dépôt créé à J8 (sudo install -D -m 600 -o ""$USER"" .env.example /etc/pokeshop/api.env ; aucun .env dans le dépôt) ; workflows 01 à 08 importés au niveau 1 avec un credential par rôle (orchestration/README.md §4) ; proxy HTTPS ouvert aux webhooks Shopify et aux formulaires ; credential n8n « Formulaires propriétaire — Basic Auth » créé par la propriétaire ; API connectée avec un compte membre de pokeshop_engine (jamais superutilisateur) ; empreinte du jeton de la propriétaire insérée dans pokeshop.owner_token_fingerprint par le compte pokeshop_owner ; sauvegarde quotidienne de pokeshop.engine_state_journal avec restauration vérifiée (db-backup « healthy », db/backup.sh etat code 0, R-I04) ; copie hors machine chiffrée avec la clé publique age de la propriétaire (BL-195)",O,§6 ; §12,J26,orchestration/README.md
BL-179,Créer la propriété Google Search Console du domaine et déléguer la lecture à l'agent 08,"P2 Données, prix et site test (J8-J30)",Propriétaire (humain),BL-030,P3,À faire,Propriété vérifiée au nom de l'entité ; accès en lecture seule délégué à l'agent 08,O,§8 ; §9,J16,docs/06-contenu/SEO.md
BL-180,Décider le point zéro du stop-loss global (option A ou B),"P0 Cadre, mandat et statut (J0-J21)",Propriétaire (humain),"BL-013, BL-176",P1,À faire,"Option décidée et consignée à J3 avec le budget (A recommandée : référence 4 200 CHF, seuil 840 CHF) ; la pose (POST /stoploss/baseline) suit dès la mise en service de l'API (BL-191)",O,Modèle d'opération ; §3,J3,docs/00-pilotage/STOP_LOSS.md
BL-181,Signer les seuils du stop-loss et les règles de prix (empreintes au coffre),"P2 Données, prix et site test (J8-J30)",Propriétaire (humain),"BL-084, BL-085",P1,À faire,POKESHOP_STOPLOSS_FINGERPRINT et POKESHOP_RULES_FINGERPRINT au coffre ; budget stock du mandat = stock_budget_chf des règles ; nouvelle signature après toute modification,O,Modèle d'opération ; §5,J14,docs/00-pilotage/STOP_LOSS.md
BL-182,Renouveler ou clore le mandat à son échéance (valid_until),P5 Réassort et bilan (J61-J90),Propriétaire (humain),BL-145,P1,À faire,"Pré-bilan à J85 (marge réelle par facture BL-145, état des stop-loss, rapport de l'agent 01) ; nouveau mandat signé (nouvelle empreinte au coffre) ou fin écrite du mandat avant valid_until ; sans renouvellement, les agents reviennent à 0 CHF",O,Modèle d'opération,J85,docs/00-pilotage/DELEGATION_AUTONOMIE.md
BL-183,Saisir le taux de change de référence chaque jour ouvré d'achat ou de synchronisation en devise (POST /fx/rates),Transverse,Propriétaire (humain),BL-176,P2,À faire,"Taux de la source officielle datée (ex. BNS) saisi avec le jeton de la propriétaire, valable le jour même et le jour ouvré suivant ; sans lui, fiches en devise en brouillon, cycles /sync/run VIDES et achat en validation humaine",O,§4 Coût rendu,Si achat ou synchronisation en devise,docs/00-pilotage/DELEGATION_AUTONOMIE.md
BL-184,Faire chiffrer un développement externalisé (intégration Shopify et n8n) si le gate G3 révèle un blocage technique,"P2 Données, prix et site test (J8-J30)",Propriétaire (humain) + Agent 02 Sourcing,BL-106,P3,À faire,"Décision écrite : devis demandé (2 prestataires, via l'agent 02) ou non, motivée par la fiche G3 ; écart EC-23",O,§3 Budget ; §14,J30,docs/00-pilotage/ECARTS_BP.md
BL-185,"Faire relire en urgence la notice de confidentialité de la landing par le juriste, la dater, choisir les polices, accepter le fournisseur d'IA et valider les durées de conservation",P1 Marché et sourcing (J1-J15),Propriétaire (humain) + juriste,"BL-033, BL-057",P1,À faire,Notes N1 à N6 traitées ; DATE_VERSION_LANDING datée ; ST_POLICES et ST_POLICES_PAYS cohérents avec --sans-google-fonts ; ST_HEBERGEMENT_LANDING renseigné ; ST_IA et ST_IA_PAYS acceptés par la propriétaire ; DUREE_CONSERVATION_ALERTES et DUREE_CONSERVATION_SAV validées (statut valide),O,§7 ; §9,J9,docs/04-legal/CONFIDENTIALITE_LANDING.md
BL-186,"Héberger n8n en HTTPS au nom de l'entité avant la landing, avec la pile interne en simulation (base, API, sauvegardes)",P1 Marché et sourcing (J1-J15),Propriétaire (humain) + Agent 07 Site et intégrations,"BL-005, BL-015, BL-176, BL-177",P1,À faire,"Fichier de variables hors du dépôt créé par la propriétaire (sudo install -D -m 600 -o ""$USER"" .env.example /etc/pokeshop/api.env, à son nom, mode 600), variables obligatoires remplies dont les empreintes de BL-176 et BL-177 ; scripts/compose.sh config --quiet sans erreur puis scripts/compose.sh up -d db db-migrate db-backup api n8n ; URL HTTPS publique de n8n (N8N_WEBHOOK_URL) ; proxy limité aux chemins du webhook d'inscription et des liens des emails, API et base internes (127.0.0.1) ; workflow 04 actif avec l'email à la propriétaire et incident FICTIF reçu (POST /incidents, credential n8n-06-marketing) ; journaux d'accès sans adresse IP complète ou purgés sous 24 h ; ST_BASE et ST_BASE_PAYS renseignés",O,§6 ; §9,J8,site/landing/README.md
BL-187,Construire et recetter le workflow n8n « inscription aux alertes » (double opt-in),P1 Marché et sourcing (J1-J15),Agent 07 Site et intégrations + Agent 12 QA et conformité,"BL-186, BL-031",P1,À faire,"Contrat site/landing/README.md §4 respecté (emails 01 et 02 de docs/06-contenu/EMAILS/) ; recette de l'agent 12 passée (JS 200, sans JS 303, consentement absent, champ piège, doublon, confirmation, désinscription, CORS) ; aucune exécution conservée (saveDataSuccessExecution et saveDataErrorExecution = none) ; échec : incident ouvert dans l'API interne (credential n8n-06-marketing), sans IP ni email, notifié par le workflow 04 ; API injoignable : alerte « moteur injoignable » de 04 par email ; export dans orchestration/n8n/ ; WEBHOOK_INSCRIPTION validé",N,§7 ; §9,J9,orchestration/n8n/
BL-188,"Déclarer les apports et retraits de capital au registre (POST /capital/movements, jeton de la propriétaire)","P2 Données, prix et site test (J8-J30)",Propriétaire (humain),"BL-176, BL-178",P1,À faire,Chaque apport (budget C03) enregistré avec sa date et sa référence bancaire ; GET /capital/movements conforme au relevé ; aucun mouvement de capital déclaré dans une photo (422) ; chaque mouvement ultérieur enregistré le jour même,O,§3 ; modèle d'opération,J26,docs/00-pilotage/STOP_LOSS.md
BL-189,Donner l'accès en lecture seule à la banque et au reporting PayPal ; recetter les relevés de solde,"P2 Données, prix et site test (J8-J30)",Propriétaire (humain) + Agent 07 Site et intégrations,"BL-004, BL-052, BL-178",P1,À faire,"Credentials n8n « Banque — relevé de solde (lecture seule) » et de lecture PayPal créés par la propriétaire, sans droit d'écriture ; POST /treasury/bank-balance et /treasury/paypal-balance déposés par le jeton du rôle connecteur-tresorerie (credential n8n du workflow 07), datés de moins de 24 h",O,§6 ; §12,J26,orchestration/README.md
BL-190,"Déclarer chaque jour dettes et créances (POST /treasury/balance-items, jeton nommé finance-pricing)","P2 Données, prix et site test (J8-J30)",Agent 05 Finance et pricing,"BL-177, BL-178",P1,À faire,"Déclaration datée de moins de 24 h (précommandes encaissées, factures non payées, TVA due ; listes vides attestées) déposée avec le jeton nommé de l'agent 05, jamais le jeton commun ; reprise chaque jour",N,§3 ; §12,J26,docs/08-agents/05_finance-pricing.md
BL-191,"Poser le point zéro du stop-loss global avec la première photo (POST /stoploss/baseline, with_photo) avant le workflow 07","P2 Données, prix et site test (J8-J30)",Propriétaire (humain),"BL-180, BL-188, BL-189, BL-190",P1,À faire,"Après les apports, les soldes et les dettes et créances : point zéro posé avec le jeton de la propriétaire (référence de l'option décidée à J3) et la première photo construite par le moteur, en un seul acte (POST /stoploss/baseline avec with_photo:true) ; photo et point zéro visibles dans GET /stoploss/status ; workflow 07 activé seulement ensuite ; avant toute dépense autonome et avant le niveau 2 ; journalisé",O,Modèle d'opération ; §3,J27,docs/00-pilotage/STOP_LOSS.md
BL-192,"Approuver un prix public hors règles (POST /pricing/approvals, jeton de la propriétaire)",Transverse,Propriétaire (humain),"BL-176, BL-084",P2,À faire,"Approbation motivée (reason ≥ 10 caractères) d'une décision REVIEW, d'une variation > 5 %/jour, d'un déstockage ou d'un prix sous plancher avec floor_exception_ref (BL-172) ; validité 1 à 168 h (48 h par défaut) ; journalisée ; retirable (POST /pricing/approvals/{id}/revoke)",O,§5,Si déclenché,docs/08-agents/05_finance-pricing.md
BL-193,Réaliser les paiements réels de la recette et signer la synthèse de recette et la checklist LCD avant G3,"P2 Données, prix et site test (J8-J30)",Propriétaire (humain),"BL-097, BL-098, BL-099",P1,À faire,"Cas R-E03, R-E06 à R-E08, R-F01 (argent réel) et R-J01, R-J02, R-J05 (physiques) réalisés ; synthèse de recette (§3) signée ; checklist LCD complétée signée",O,§12 ; §13,J30,docs/07-ops/RECETTE_AVANT_OUVERTURE.md
BL-194,Choisir et créer le canal d'alerte immédiate des incidents S1,"P2 Données, prix et site test (J8-J30)",Propriétaire (humain),BL-178,P1,À faire,"Canal (SMS, notification mobile ou appel) distinct du digest, joignable à toute heure ; credential n8n créé ; alerte FICTIVE reçue avant l'activation des workflows 04 et 07",O,§6 ; §12,J26,docs/07-ops/SOP_INCIDENTS.md
BL-195,"Contrôler chaque mois la dernière restauration vérifiée et copier les sauvegardes hors de la machine, chiffrées avec age",Transverse,Propriétaire (humain),BL-178,P1,À faire,db-backup « healthy » (db/backup.sh etat code 0 : restauration vérifiée depuis moins de 36 h) ; copie mensuelle du volume backups chiffrée avec la clé publique age de la propriétaire (commande de db/README.md) sur un support à elle ; contrôle R-I04 consigné avant l'ouverture puis chaque mois,O,§6,Mensuel,db/README.md
BL-196,Déclarer chaque réception contrôlée au moteur (POST /stock/receive ou passerelle n8n pokeshop-stock-recu),P3 Stock et ouverture douce (J31-J45),Agent 11 Opérations et SAV,"BL-111, BL-112",P1,À faire,"Chaque lot conforme déclaré (sku, qty, réf. du bon de livraison) avec le jeton nommé operations-sav, jamais le jeton commun ; idempotent par (SKU, référence) ; lot en quarantaine non déclaré ; stock vendable local vérifié (POST /stock/sellable)",N,§12,J35,docs/07-ops/SOP_RECEPTION_STOCK.md
BL-197,"Valider les fiches produit (POST /catalog/approvals, jeton de la propriétaire)",P3 Stock et ouverture douce (J31-J45),Propriétaire (humain),"BL-176, BL-196",P1,À faire,"Approbation, contenu et règle de catégorie posés par la propriétaire seule, liés au contenu de la fiche (listing_sha256) ; jamais dans le corps de POST /catalog/items ni de POST /sync/run (422) ; une fiche modifiée après validation repasse en brouillon (VALIDATION_OUTDATED) ; validations journalisées et persistées ; à J28, les 10 fiches FICTIVES de la recette si elles sont publiées par le moteur ; à partir de J37, chaque fiche réelle avant sa publication (BL-115)",O,§12 ; §13,J37,docs/00-pilotage/INTERVENTIONS_HUMAINES.md
BL-198,"Construire et recetter le connecteur publicitaire (rôle connecteur-publicite, POST /ads/activity)",P4 Test acquisition (J46-J60),Agent 07 Site et intégrations + Agent 12 QA et conformité,"BL-131, BL-177",P1,À faire,"Connecteur en lecture seule sur les comptes publicitaires (dépenses par campagne et par jour, commandes attribuées) ; dépôt par POST /ads/activity avec le jeton connecteur-publicite, jamais avec celui de l'agent 10 (403) ; registre en ajout seul (baisse refusée, 409) ; commandes attribuées présentes au registre des commandes ; recette de l'agent 12 ; aucune campagne lancée avant",N,§9 Publicité ; §12,J49,orchestration/README.md
BL-199,"Câbler dans le workflow 02 l'enregistrement des commandes expédiées et des avoirs (POST /orders/shipped, POST /orders/{order_id}/refunds)",P3 Stock et ouverture douce (J31-J45),Agent 07 Site et intégrations + Agent 12 QA et conformité,"BL-090, BL-054",P1,À faire,"Nœud du workflow 02 avec le credential n8n-02-commandes : coût transporteur réel (> 0) et référence de l'étiquette achetée, frais PSP réels ; avoirs après remboursement réel (cumul ≤ ventes de la commande) ; recette de l'agent 12 sur des commandes FICTIVES ; sans lui, aucune vente n'entre dans l'étoile polaire",N,§12 ; §13,J37,orchestration/n8n/
