releve_id,ref_id,designation_attendue,format,extension,langue_attendue,contenu_attendu,boutique_id,boutique,url_boutique,url_produit,langue_constatee,contenu_constate,comparable,stock_affiche,prix_produit_chf,frais_livraison_chf,seuil_port_gratuit_chf,frais_paiement_chf,prix_total_livre_chf,delai_annonce_jours,vendu_par,date_releve,heure_releve,source_lecture,capture_fichier,releveur,commentaire,fictif
RC-001,REF-01,Coffret Dresseur d'Élite (ETB) 30ᵉ Anniversaire – FR,etb,30ᵉ Anniversaire,FR,9 boosters + accessoires (selon annonce),B1,Swiss Pokéshop,https://swiss-pokeshop.ch/,,,,,non relevé,,,,,,,,,,non relevé,,,,false
RC-002,REF-01,Coffret Dresseur d'Élite (ETB) 30ᵉ Anniversaire – FR,etb,30ᵉ Anniversaire,FR,9 boosters + accessoires (selon annonce),B2,TamoriCards,https://tamoricards.ch/,,,,,non relevé,,,,,,,,,,non relevé,,,,false
RC-003,REF-01,Coffret Dresseur d'Élite (ETB) 30ᵉ Anniversaire – FR,etb,30ᵉ Anniversaire,FR,9 boosters + accessoires (selon annonce),B3,Pika Store,https://pikastore.ch/collections/pokemon,,,,,non relevé,,,,,,,,,,non relevé,,,,false
RC-004,REF-01,Coffret Dresseur d'Élite (ETB) 30ᵉ Anniversaire – FR,etb,30ᵉ Anniversaire,FR,9 boosters + accessoires (selon annonce),B4,JCC-Shop Unlimited,https://www.jcc-shop.ch/shop,,,,,non relevé,,,,,,,,,,non relevé,,,,false
RC-005,REF-01,Coffret Dresseur d'Élite (ETB) 30ᵉ Anniversaire – FR,etb,30ᵉ Anniversaire,FR,9 boosters + accessoires (selon annonce),B5,Galaxus,https://www.galaxus.ch/fr,,,,,non relevé,,,,,,,,,,non relevé,,,,false
RC-006,REF-02,Bundle 30ᵉ Anniversaire – FR,bundle,30ᵉ Anniversaire,FR,6 boosters (selon annonce),B1,Swiss Pokéshop,https://swiss-pokeshop.ch/,,,,,non relevé,,,,,,,,,,non relevé,,,,false
RC-007,REF-02,Bundle 30ᵉ Anniversaire – FR,bundle,30ᵉ Anniversaire,FR,6 boosters (selon annonce),B2,TamoriCards,https://tamoricards.ch/,,,,,non relevé,,,,,,,,,,non relevé,,,,false
RC-008,REF-02,Bundle 30ᵉ Anniversaire – FR,bundle,30ᵉ Anniversaire,FR,6 boosters (selon annonce),B3,Pika Store,https://pikastore.ch/collections/pokemon,,,,,non relevé,,,,,,,,,,non relevé,,,,false
RC-009,REF-02,Bundle 30ᵉ Anniversaire – FR,bundle,30ᵉ Anniversaire,FR,6 boosters (selon annonce),B4,JCC-Shop Unlimited,https://www.jcc-shop.ch/shop,,,,,non relevé,,,,,,,,,,non relevé,,,,false
RC-010,REF-02,Bundle 30ᵉ Anniversaire – FR,bundle,30ᵉ Anniversaire,FR,6 boosters (selon annonce),B5,Galaxus,https://www.galaxus.ch/fr,,,,,non relevé,,,,,,,,,,non relevé,,,,false
RC-011,REF-03,Mini-Tin 30ᵉ Anniversaire – FR (illustration au choix),coffret,30ᵉ Anniversaire,FR,2 boosters (selon annonce),B1,Swiss Pokéshop,https://swiss-pokeshop.ch/,,,,,non relevé,,,,,,,,,,non relevé,,,,false
RC-012,REF-03,Mini-Tin 30ᵉ Anniversaire – FR (illustration au choix),coffret,30ᵉ Anniversaire,FR,2 boosters (selon annonce),B2,TamoriCards,https://tamoricards.ch/,,,,,non relevé,,,,,,,,,,non relevé,,,,false
RC-013,REF-03,Mini-Tin 30ᵉ Anniversaire – FR (illustration au choix),coffret,30ᵉ Anniversaire,FR,2 boosters (selon annonce),B3,Pika Store,https://pikastore.ch/collections/pokemon,,,,,non relevé,,,,,,,,,,non relevé,,,,false
RC-014,REF-03,Mini-Tin 30ᵉ Anniversaire – FR (illustration au choix),coffret,30ᵉ Anniversaire,FR,2 boosters (selon annonce),B4,JCC-Shop Unlimited,https://www.jcc-shop.ch/shop,,,,,non relevé,,,,,,,,,,non relevé,,,,false
RC-015,REF-03,Mini-Tin 30ᵉ Anniversaire – FR (illustration au choix),coffret,30ᵉ Anniversaire,FR,2 boosters (selon annonce),B5,Galaxus,https://www.galaxus.ch/fr,,,,,non relevé,,,,,,,,,,non relevé,,,,false
RC-016,REF-04,Coffret 30ᵉ Anniversaire Nymphali-ex – FR,coffret,30ᵉ Anniversaire,FR,4 boosters + promo + carte grand format (selon annonce),B1,Swiss Pokéshop,https://swiss-pokeshop.ch/,,,,,non relevé,,,,,,,,,,non relevé,,,,false
RC-017,REF-04,Coffret 30ᵉ Anniversaire Nymphali-ex – FR,coffret,30ᵉ Anniversaire,FR,4 boosters + promo + carte grand format (selon annonce),B2,TamoriCards,https://tamoricards.ch/,,,,,non relevé,,,,,,,,,,non relevé,,,,false
RC-018,REF-04,Coffret 30ᵉ Anniversaire Nymphali-ex – FR,coffret,30ᵉ Anniversaire,FR,4 boosters + promo + carte grand format (selon annonce),B3,Pika Store,https://pikastore.ch/collections/pokemon,,,,,non relevé,,,,,,,,,,non relevé,,,,false
RC-019,REF-04,Coffret 30ᵉ Anniversaire Nymphali-ex – FR,coffret,30ᵉ Anniversaire,FR,4 boosters + promo + carte grand format (selon annonce),B4,JCC-Shop Unlimited,https://www.jcc-shop.ch/shop,,,,,non relevé,,,,,,,,,,non relevé,,,,false
RC-020,REF-04,Coffret 30ᵉ Anniversaire Nymphali-ex – FR,coffret,30ᵉ Anniversaire,FR,4 boosters + promo + carte grand format (selon annonce),B5,Galaxus,https://www.galaxus.ch/fr,,,,,non relevé,,,,,,,,,,non relevé,,,,false
RC-021,REF-05,Collection Classeur 30ᵉ Anniversaire – FR,coffret,30ᵉ Anniversaire,FR,classeur + 5 boosters (selon annonce),B1,Swiss Pokéshop,https://swiss-pokeshop.ch/,,,,,non relevé,,,,,,,,,,non relevé,,,,false
RC-022,REF-05,Collection Classeur 30ᵉ Anniversaire – FR,coffret,30ᵉ Anniversaire,FR,classeur + 5 boosters (selon annonce),B2,TamoriCards,https://tamoricards.ch/,,,,,non relevé,,,,,,,,,,non relevé,,,,false
RC-023,REF-05,Collection Classeur 30ᵉ Anniversaire – FR,coffret,30ᵉ Anniversaire,FR,classeur + 5 boosters (selon annonce),B3,Pika Store,https://pikastore.ch/collections/pokemon,,,,,non relevé,,,,,,,,,,non relevé,,,,false
RC-024,REF-05,Collection Classeur 30ᵉ Anniversaire – FR,coffret,30ᵉ Anniversaire,FR,classeur + 5 boosters (selon annonce),B4,JCC-Shop Unlimited,https://www.jcc-shop.ch/shop,,,,,non relevé,,,,,,,,,,non relevé,,,,false
RC-025,REF-05,Collection Classeur 30ᵉ Anniversaire – FR,coffret,30ᵉ Anniversaire,FR,classeur + 5 boosters (selon annonce),B5,Galaxus,https://www.galaxus.ch/fr,,,,,non relevé,,,,,,,,,,non relevé,,,,false
RC-026,REF-06,Display 36 boosters Méga-Évolution – Nuit Noire (ME05) – FR,display,Méga-Évolution – Nuit Noire,FR,36 boosters,B1,Swiss Pokéshop,https://swiss-pokeshop.ch/,,,,,non relevé,,,,,,,,,,non relevé,,,,false
RC-027,REF-06,Display 36 boosters Méga-Évolution – Nuit Noire (ME05) – FR,display,Méga-Évolution – Nuit Noire,FR,36 boosters,B2,TamoriCards,https://tamoricards.ch/,,,,,non relevé,,,,,,,,,,non relevé,,,,false
RC-028,REF-06,Display 36 boosters Méga-Évolution – Nuit Noire (ME05) – FR,display,Méga-Évolution – Nuit Noire,FR,36 boosters,B3,Pika Store,https://pikastore.ch/collections/pokemon,,,,,non relevé,,,,,,,,,,non relevé,,,,false
RC-029,REF-06,Display 36 boosters Méga-Évolution – Nuit Noire (ME05) – FR,display,Méga-Évolution – Nuit Noire,FR,36 boosters,B4,JCC-Shop Unlimited,https://www.jcc-shop.ch/shop,,,,,non relevé,,,,,,,,,,non relevé,,,,false
RC-030,REF-06,Display 36 boosters Méga-Évolution – Nuit Noire (ME05) – FR,display,Méga-Évolution – Nuit Noire,FR,36 boosters,B5,Galaxus,https://www.galaxus.ch/fr,,,,,non relevé,,,,,,,,,,non relevé,,,,false
RC-031,REF-07,Coffret Dresseur d'Élite (ETB) Méga-Évolution – Nuit Noire – FR,etb,Méga-Évolution – Nuit Noire,FR,9 boosters + accessoires,B1,Swiss Pokéshop,https://swiss-pokeshop.ch/,,,,,non relevé,,,,,,,,,,non relevé,,,,false
RC-032,REF-07,Coffret Dresseur d'Élite (ETB) Méga-Évolution – Nuit Noire – FR,etb,Méga-Évolution – Nuit Noire,FR,9 boosters + accessoires,B2,TamoriCards,https://tamoricards.ch/,,,,,non relevé,,,,,,,,,,non relevé,,,,false
RC-033,REF-07,Coffret Dresseur d'Élite (ETB) Méga-Évolution – Nuit Noire – FR,etb,Méga-Évolution – Nuit Noire,FR,9 boosters + accessoires,B3,Pika Store,https://pikastore.ch/collections/pokemon,,,,,non relevé,,,,,,,,,,non relevé,,,,false
RC-034,REF-07,Coffret Dresseur d'Élite (ETB) Méga-Évolution – Nuit Noire – FR,etb,Méga-Évolution – Nuit Noire,FR,9 boosters + accessoires,B4,JCC-Shop Unlimited,https://www.jcc-shop.ch/shop,,,,,non relevé,,,,,,,,,,non relevé,,,,false
RC-035,REF-07,Coffret Dresseur d'Élite (ETB) Méga-Évolution – Nuit Noire – FR,etb,Méga-Évolution – Nuit Noire,FR,9 boosters + accessoires,B5,Galaxus,https://www.galaxus.ch/fr,,,,,non relevé,,,,,,,,,,non relevé,,,,false
RC-036,REF-08,Tripack Méga-Évolution – Nuit Noire – FR (existence à confirmer),tripack,Méga-Évolution – Nuit Noire,FR,3 boosters + promo (à confirmer),B1,Swiss Pokéshop,https://swiss-pokeshop.ch/,,,,,non relevé,,,,,,,,,,non relevé,,,,false
RC-037,REF-08,Tripack Méga-Évolution – Nuit Noire – FR (existence à confirmer),tripack,Méga-Évolution – Nuit Noire,FR,3 boosters + promo (à confirmer),B2,TamoriCards,https://tamoricards.ch/,,,,,non relevé,,,,,,,,,,non relevé,,,,false
RC-038,REF-08,Tripack Méga-Évolution – Nuit Noire – FR (existence à confirmer),tripack,Méga-Évolution – Nuit Noire,FR,3 boosters + promo (à confirmer),B3,Pika Store,https://pikastore.ch/collections/pokemon,,,,,non relevé,,,,,,,,,,non relevé,,,,false
RC-039,REF-08,Tripack Méga-Évolution – Nuit Noire – FR (existence à confirmer),tripack,Méga-Évolution – Nuit Noire,FR,3 boosters + promo (à confirmer),B4,JCC-Shop Unlimited,https://www.jcc-shop.ch/shop,,,,,non relevé,,,,,,,,,,non relevé,,,,false
RC-040,REF-08,Tripack Méga-Évolution – Nuit Noire – FR (existence à confirmer),tripack,Méga-Évolution – Nuit Noire,FR,3 boosters + promo (à confirmer),B5,Galaxus,https://www.galaxus.ch/fr,,,,,non relevé,,,,,,,,,,non relevé,,,,false
RC-041,REF-09,Display 36 boosters Méga-Évolution – Chaos Ascendant – FR,display,Méga-Évolution – Chaos Ascendant,FR,36 boosters,B1,Swiss Pokéshop,https://swiss-pokeshop.ch/,,,,,non relevé,,,,,,,,,,non relevé,,,,false
RC-042,REF-09,Display 36 boosters Méga-Évolution – Chaos Ascendant – FR,display,Méga-Évolution – Chaos Ascendant,FR,36 boosters,B2,TamoriCards,https://tamoricards.ch/,,,,,non relevé,,,,,,,,,,non relevé,,,,false
RC-043,REF-09,Display 36 boosters Méga-Évolution – Chaos Ascendant – FR,display,Méga-Évolution – Chaos Ascendant,FR,36 boosters,B3,Pika Store,https://pikastore.ch/collections/pokemon,,,,,non relevé,,,,,,,,,,non relevé,,,,false
RC-044,REF-09,Display 36 boosters Méga-Évolution – Chaos Ascendant – FR,display,Méga-Évolution – Chaos Ascendant,FR,36 boosters,B4,JCC-Shop Unlimited,https://www.jcc-shop.ch/shop,,,,,non relevé,,,,,,,,,,non relevé,,,,false
RC-045,REF-09,Display 36 boosters Méga-Évolution – Chaos Ascendant – FR,display,Méga-Évolution – Chaos Ascendant,FR,36 boosters,B5,Galaxus,https://www.galaxus.ch/fr,,,,,non relevé,,,,,,,,,,non relevé,,,,false
RC-046,REF-10,Coffret Dresseur d'Élite (ETB) Méga-Évolution – Chaos Ascendant – FR,etb,Méga-Évolution – Chaos Ascendant,FR,9 boosters + accessoires,B1,Swiss Pokéshop,https://swiss-pokeshop.ch/,,,,,non relevé,,,,,,,,,,non relevé,,,,false
RC-047,REF-10,Coffret Dresseur d'Élite (ETB) Méga-Évolution – Chaos Ascendant – FR,etb,Méga-Évolution – Chaos Ascendant,FR,9 boosters + accessoires,B2,TamoriCards,https://tamoricards.ch/,,,,,non relevé,,,,,,,,,,non relevé,,,,false
RC-048,REF-10,Coffret Dresseur d'Élite (ETB) Méga-Évolution – Chaos Ascendant – FR,etb,Méga-Évolution – Chaos Ascendant,FR,9 boosters + accessoires,B3,Pika Store,https://pikastore.ch/collections/pokemon,,,,,non relevé,,,,,,,,,,non relevé,,,,false
RC-049,REF-10,Coffret Dresseur d'Élite (ETB) Méga-Évolution – Chaos Ascendant – FR,etb,Méga-Évolution – Chaos Ascendant,FR,9 boosters + accessoires,B4,JCC-Shop Unlimited,https://www.jcc-shop.ch/shop,,,,,non relevé,,,,,,,,,,non relevé,,,,false
RC-050,REF-10,Coffret Dresseur d'Élite (ETB) Méga-Évolution – Chaos Ascendant – FR,etb,Méga-Évolution – Chaos Ascendant,FR,9 boosters + accessoires,B5,Galaxus,https://www.galaxus.ch/fr,,,,,non relevé,,,,,,,,,,non relevé,,,,false
RC-051,REF-11,Coffret Dresseur d'Élite (ETB) Méga-Évolution – Équilibre Parfait – FR,etb,Méga-Évolution – Équilibre Parfait,FR,9 boosters + accessoires,B1,Swiss Pokéshop,https://swiss-pokeshop.ch/,,,,,non relevé,,,,,,,,,,non relevé,,,,false
RC-052,REF-11,Coffret Dresseur d'Élite (ETB) Méga-Évolution – Équilibre Parfait – FR,etb,Méga-Évolution – Équilibre Parfait,FR,9 boosters + accessoires,B2,TamoriCards,https://tamoricards.ch/,,,,,non relevé,,,,,,,,,,non relevé,,,,false
RC-053,REF-11,Coffret Dresseur d'Élite (ETB) Méga-Évolution – Équilibre Parfait – FR,etb,Méga-Évolution – Équilibre Parfait,FR,9 boosters + accessoires,B3,Pika Store,https://pikastore.ch/collections/pokemon,,,,,non relevé,,,,,,,,,,non relevé,,,,false
RC-054,REF-11,Coffret Dresseur d'Élite (ETB) Méga-Évolution – Équilibre Parfait – FR,etb,Méga-Évolution – Équilibre Parfait,FR,9 boosters + accessoires,B4,JCC-Shop Unlimited,https://www.jcc-shop.ch/shop,,,,,non relevé,,,,,,,,,,non relevé,,,,false
RC-055,REF-11,Coffret Dresseur d'Élite (ETB) Méga-Évolution – Équilibre Parfait – FR,etb,Méga-Évolution – Équilibre Parfait,FR,9 boosters + accessoires,B5,Galaxus,https://www.galaxus.ch/fr,,,,,non relevé,,,,,,,,,,non relevé,,,,false
RC-056,REF-12,Coffret Dresseur d'Élite (ETB) Méga-Évolution – Héros Transcendants – FR,etb,Méga-Évolution – Héros Transcendants,FR,9 boosters + accessoires,B1,Swiss Pokéshop,https://swiss-pokeshop.ch/,,,,,non relevé,,,,,,,,,,non relevé,,,,false
RC-057,REF-12,Coffret Dresseur d'Élite (ETB) Méga-Évolution – Héros Transcendants – FR,etb,Méga-Évolution – Héros Transcendants,FR,9 boosters + accessoires,B2,TamoriCards,https://tamoricards.ch/,,,,,non relevé,,,,,,,,,,non relevé,,,,false
RC-058,REF-12,Coffret Dresseur d'Élite (ETB) Méga-Évolution – Héros Transcendants – FR,etb,Méga-Évolution – Héros Transcendants,FR,9 boosters + accessoires,B3,Pika Store,https://pikastore.ch/collections/pokemon,,,,,non relevé,,,,,,,,,,non relevé,,,,false
RC-059,REF-12,Coffret Dresseur d'Élite (ETB) Méga-Évolution – Héros Transcendants – FR,etb,Méga-Évolution – Héros Transcendants,FR,9 boosters + accessoires,B4,JCC-Shop Unlimited,https://www.jcc-shop.ch/shop,,,,,non relevé,,,,,,,,,,non relevé,,,,false
RC-060,REF-12,Coffret Dresseur d'Élite (ETB) Méga-Évolution – Héros Transcendants – FR,etb,Méga-Évolution – Héros Transcendants,FR,9 boosters + accessoires,B5,Galaxus,https://www.galaxus.ch/fr,,,,,non relevé,,,,,,,,,,non relevé,,,,false
RC-061,REF-13,Display 36 boosters Méga-Évolution – Règne Delta (ME06) – FR,display,Méga-Évolution – Règne Delta,FR,36 boosters (sortie 6.11.2026),B1,Swiss Pokéshop,https://swiss-pokeshop.ch/,,,,,non relevé,,,,,,,,,,non relevé,,,,false
RC-062,REF-13,Display 36 boosters Méga-Évolution – Règne Delta (ME06) – FR,display,Méga-Évolution – Règne Delta,FR,36 boosters (sortie 6.11.2026),B2,TamoriCards,https://tamoricards.ch/,,,,,non relevé,,,,,,,,,,non relevé,,,,false
RC-063,REF-13,Display 36 boosters Méga-Évolution – Règne Delta (ME06) – FR,display,Méga-Évolution – Règne Delta,FR,36 boosters (sortie 6.11.2026),B3,Pika Store,https://pikastore.ch/collections/pokemon,,,,,non relevé,,,,,,,,,,non relevé,,,,false
RC-064,REF-13,Display 36 boosters Méga-Évolution – Règne Delta (ME06) – FR,display,Méga-Évolution – Règne Delta,FR,36 boosters (sortie 6.11.2026),B4,JCC-Shop Unlimited,https://www.jcc-shop.ch/shop,,,,,non relevé,,,,,,,,,,non relevé,,,,false
RC-065,REF-13,Display 36 boosters Méga-Évolution – Règne Delta (ME06) – FR,display,Méga-Évolution – Règne Delta,FR,36 boosters (sortie 6.11.2026),B5,Galaxus,https://www.galaxus.ch/fr,,,,,non relevé,,,,,,,,,,non relevé,,,,false
RC-066,REF-14,Coffret Dresseur d'Élite (ETB) Méga-Évolution – Règne Delta – FR,etb,Méga-Évolution – Règne Delta,FR,9 boosters + accessoires (sortie 6.11.2026),B1,Swiss Pokéshop,https://swiss-pokeshop.ch/,,,,,non relevé,,,,,,,,,,non relevé,,,,false
RC-067,REF-14,Coffret Dresseur d'Élite (ETB) Méga-Évolution – Règne Delta – FR,etb,Méga-Évolution – Règne Delta,FR,9 boosters + accessoires (sortie 6.11.2026),B2,TamoriCards,https://tamoricards.ch/,,,,,non relevé,,,,,,,,,,non relevé,,,,false
RC-068,REF-14,Coffret Dresseur d'Élite (ETB) Méga-Évolution – Règne Delta – FR,etb,Méga-Évolution – Règne Delta,FR,9 boosters + accessoires (sortie 6.11.2026),B3,Pika Store,https://pikastore.ch/collections/pokemon,,,,,non relevé,,,,,,,,,,non relevé,,,,false
RC-069,REF-14,Coffret Dresseur d'Élite (ETB) Méga-Évolution – Règne Delta – FR,etb,Méga-Évolution – Règne Delta,FR,9 boosters + accessoires (sortie 6.11.2026),B4,JCC-Shop Unlimited,https://www.jcc-shop.ch/shop,,,,,non relevé,,,,,,,,,,non relevé,,,,false
RC-070,REF-14,Coffret Dresseur d'Élite (ETB) Méga-Évolution – Règne Delta – FR,etb,Méga-Évolution – Règne Delta,FR,9 boosters + accessoires (sortie 6.11.2026),B5,Galaxus,https://www.galaxus.ch/fr,,,,,non relevé,,,,,,,,,,non relevé,,,,false
RC-071,REF-15,Tripack Méga-Évolution – Règne Delta – FR,tripack,Méga-Évolution – Règne Delta,FR,3 boosters + promo (selon annonce ; sortie 6.11.2026),B1,Swiss Pokéshop,https://swiss-pokeshop.ch/,,,,,non relevé,,,,,,,,,,non relevé,,,,false
RC-072,REF-15,Tripack Méga-Évolution – Règne Delta – FR,tripack,Méga-Évolution – Règne Delta,FR,3 boosters + promo (selon annonce ; sortie 6.11.2026),B2,TamoriCards,https://tamoricards.ch/,,,,,non relevé,,,,,,,,,,non relevé,,,,false
RC-073,REF-15,Tripack Méga-Évolution – Règne Delta – FR,tripack,Méga-Évolution – Règne Delta,FR,3 boosters + promo (selon annonce ; sortie 6.11.2026),B3,Pika Store,https://pikastore.ch/collections/pokemon,,,,,non relevé,,,,,,,,,,non relevé,,,,false
RC-074,REF-15,Tripack Méga-Évolution – Règne Delta – FR,tripack,Méga-Évolution – Règne Delta,FR,3 boosters + promo (selon annonce ; sortie 6.11.2026),B4,JCC-Shop Unlimited,https://www.jcc-shop.ch/shop,,,,,non relevé,,,,,,,,,,non relevé,,,,false
RC-075,REF-15,Tripack Méga-Évolution – Règne Delta – FR,tripack,Méga-Évolution – Règne Delta,FR,3 boosters + promo (selon annonce ; sortie 6.11.2026),B5,Galaxus,https://www.galaxus.ch/fr,,,,,non relevé,,,,,,,,,,non relevé,,,,false
